order_date,sales,year,month,day,dayofweek,quarter,is_weekend,sales_lag_1,sales_lag_7,sales_lag_30,rolling_mean_7,rolling_mean_30
2015-02-14,576.726,2015,2,14,5,1,1,129.568,97.11200000000001,16.448,418.5508571428572,593.8703
2015-02-15,21.36,2015,2,15,6,1,1,576.726,134.38400000000001,288.06,487.06714285714287,612.5462333333332
2015-02-16,9.04,2015,2,16,0,1,0,21.36,330.512,19.536,470.9208571428572,603.6562333333333
2015-02-17,54.208,2015,2,17,1,1,0,9.04,180.32,4407.1,424.99628571428576,603.3063666666666
2015-02-18,37.784,2015,2,18,2,1,0,54.208,14.56,87.15799999999999,406.98028571428574,458.2099666666667
2015-02-20,95.59,2015,2,20,4,1,0,37.784,2043.4,40.544,410.29800000000006,456.5641666666667
2015-02-21,8.85,2015,2,21,5,1,1,95.59,129.568,54.83,132.03942857142857,458.39903333333336
2015-02-22,19.44,2015,2,22,6,1,1,8.85,576.726,9.94,114.794,456.86636666666675
2015-02-23,11.364,2015,2,23,0,1,0,19.44,21.36,3553.795,35.181714285714285,457.18303333333336
2015-02-24,55.672,2015,2,24,1,1,0,11.364,9.04,61.96,33.75371428571428,339.102
2015-02-27,19.456,2015,2,27,4,1,0,55.672,54.208,149.95,40.41542857142857,338.89239999999995
2015-03-01,2203.151,2015,3,1,6,1,1,19.456,37.784,299.964,35.45085714285714,334.5426
2015-03-02,47.76,2015,3,2,0,1,0,2203.151,95.59,64.864,344.78899999999993,397.98216666666667
2015-03-03,1345.892,2015,3,3,1,1,0,47.76,8.85,378.594,337.9561428571428,397.4120333333333
2015-03-04,370.452,2015,3,4,2,1,0,1345.892,19.44,2673.87,528.9621428571428,429.6553
2015-03-05,705.562,2015,3,5,3,1,0,370.452,11.364,40.08,579.1067142857142,352.8747
2015-03-07,1561.062,2015,3,7,5,1,1,705.562,55.672,1097.25,678.2778571428571,375.0574333333333
2015-03-10,741.956,2015,3,10,1,1,0,1561.062,19.456,426.67,893.3335714285714,390.51783333333333
2015-03-11,918.3140000000001,2015,3,11,2,1,0,741.956,2203.151,3.928,996.5478571428572,401.02736666666664
2015-03-14,2108.55,2015,3,14,5,1,1,918.3140000000001,47.76,240.5,812.9997142857144,431.5069
2015-03-15,370.78200000000004,2015,3,15,6,1,1,2108.55,1345.892,290.666,1107.3982857142857,493.77523333333335
2015-03-16,471.92,2015,3,16,0,1,0,370.78200000000004,370.452,468.9,968.0968571428572,496.44576666666666
2015-03-17,3960.358,2015,3,17,1,1,0,471.92,705.562,211.64600000000002,982.5922857142857,496.5464333333333
2015-03-18,28106.716,2015,3,18,2,1,0,3960.358,1561.062,97.11200000000001,1447.563142857143,621.5035
2015-03-19,590.762,2015,3,19,3,1,0,28106.716,741.956,134.38400000000001,5239.799428571429,1555.1569666666667
2015-03-21,4109.816,2015,3,21,5,1,1,590.762,918.3140000000001,330.512,5218.200285714286,1570.3695666666667
2015-03-22,464.09299999999996,2015,3,22,6,1,1,4109.816,2108.55,180.32,5674.129142857143,1696.3463666666664
2015-03-23,945.064,2015,3,23,0,1,0,464.09299999999996,370.78200000000004,14.56,5439.206714285714,1705.8054666666665
2015-03-24,65.38,2015,3,24,1,1,0,945.064,471.92,2043.4,5521.247,1736.8222666666666
2015-03-25,459.146,2015,3,25,2,1,0,65.38,3960.358,129.568,5463.169857142858,1670.8882666666666
2015-03-26,145.13,2015,3,26,3,1,0,459.146,28106.716,576.726,4962.996714285715,1681.8742
2015-03-28,1493.216,2015,3,28,5,1,1,145.13,590.762,21.36,968.4844285714286,1667.4876666666667
2015-03-29,890.841,2015,3,29,6,1,1,1493.216,4109.816,9.04,1097.4064285714285,1716.5495333333333
2015-03-30,1170.3220000000001,2015,3,30,0,1,0,890.841,464.09299999999996,54.208,637.5528571428571,1745.9429000000002
2015-03-31,1959.5520000000001,2015,3,31,1,1,0,1170.3220000000001,945.064,37.784,738.4427142857143,1783.1467
2015-04-01,119.88799999999999,2015,4,1,2,2,0,1959.5520000000001,65.38,95.59,883.3695714285714,1847.2056333333333
2015-04-02,1458.558,2015,4,2,3,2,0,119.88799999999999,459.146,8.85,891.1564285714286,1848.0155666666667
2015-04-04,475.84400000000005,2015,4,4,5,2,1,1458.558,145.13,19.44,1033.9295714285713,1896.3391666666669
2015-04-05,5179.738,2015,4,5,6,2,1,475.84400000000005,1493.216,11.364,1081.1744285714285,1911.5526333333332
2015-04-06,1650.69,2015,4,6,0,2,0,5179.738,890.841,55.672,1607.820428571429,2083.8317666666667
2015-04-07,1021.1700000000001,2015,4,7,1,2,0,1650.69,1170.3220000000001,19.456,1716.3702857142857,2136.999033333333
2015-04-08,1958.75,2015,4,8,2,2,0,1021.1700000000001,1959.5520000000001,2203.151,1695.0628571428572,2170.3895
2015-04-11,1915.2399999999998,2015,4,11,5,2,1,1958.75,119.88799999999999,47.76,1694.948285714286,2162.2428
2015-04-12,1872.443,2015,4,12,6,2,1,1915.2399999999998,1458.558,1345.892,1951.4271428571428,2224.492133333333
2015-04-13,638.576,2015,4,13,0,2,0,1872.443,475.84400000000005,370.452,2010.5535714285718,2242.0438333333336
2015-04-15,294.71999999999997,2015,4,15,2,2,0,638.576,5179.738,705.562,2033.801,2250.9813
2015-04-16,39.072,2015,4,16,3,2,0,294.71999999999997,1650.69,1561.062,1335.9412857142856,2237.286566666667
2015-04-18,1020.532,2015,4,18,5,2,1,39.072,1021.1700000000001,741.956,1105.710142857143,2186.553566666667
2015-04-19,205.47,2015,4,19,6,2,1,1020.532,1958.75,918.3140000000001,1105.6190000000001,2195.8394333333335
2015-04-20,1250.45,2015,4,20,0,2,0,205.47,1915.2399999999998,2108.55,855.1504285714285,2172.0779666666667
2015-04-21,845.36,2015,4,21,1,2,0,1250.45,1872.443,370.78200000000004,760.1804285714287,2143.4746333333333
2015-04-22,257.752,2015,4,22,2,2,0,845.36,638.576,471.92,613.4542857142859,2159.2939
2015-04-23,643.98,2015,4,23,3,2,0,257.752,294.71999999999997,3960.358,559.0508571428572,2152.1549666666665
2015-04-25,2379.9939999999997,2015,4,25,5,2,1,643.98,39.072,28106.716,608.945142857143,2041.6090333333334
2015-04-26,282.568,2015,4,26,6,2,1,2379.9939999999997,1020.532,590.762,943.3625714285715,1184.0516333333335
2015-04-28,2578.476,2015,4,28,1,2,0,282.568,205.47,4109.816,837.9391428571429,1173.7785000000001
2015-04-29,768.8439999999999,2015,4,29,2,2,0,2578.476,1250.45,464.09299999999996,1176.9400000000003,1122.7338333333332
2015-04-30,1048.74,2015,4,30,3,2,0,768.8439999999999,845.36,945.064,1108.1391428571428,1132.8922
2015-05-02,506.12,2015,5,2,5,2,1,1048.74,257.752,65.38,1137.1934285714285,1136.3480666666667
2015-05-03,72.632,2015,5,3,6,2,1,506.12,643.98,459.146,1172.6745714285714,1151.0394000000001
2015-05-04,187.43200000000002,2015,5,4,0,2,0,72.632,2379.9939999999997,145.13,1091.0534285714286,1138.1555999999998
2015-05-05,260.977,2015,5,5,1,2,0,187.43200000000002,282.568,1493.216,777.8302857142859,1139.5656666666666
2015-05-06,254.456,2015,5,6,2,2,0,260.977,2578.476,890.841,774.7458571428572,1098.4910333333332
2015-05-07,1091.35,2015,5,7,3,2,0,254.456,768.8439999999999,1170.3220000000001,442.7430000000001,1077.2782
2015-05-08,1799.97,2015,5,8,4,2,0,1091.35,1048.74,1959.5520000000001,488.8152857142858,1074.6458
2015-05-09,394.47999999999996,2015,5,9,5,2,1,1799.97,506.12,119.88799999999999,596.1338571428572,1069.3264000000001
2015-05-10,2343.799,2015,5,10,6,2,1,394.47999999999996,72.632,1458.558,580.1852857142859,1078.4794666666667
2015-05-11,1642.802,2015,5,11,0,2,0,2343.799,187.43200000000002,475.84400000000005,904.6377142857144,1107.9875
2015-05-12,734.846,2015,5,12,1,2,0,1642.802,260.977,5179.738,1112.5477142857144,1146.8861
2015-05-13,898.382,2015,5,13,2,2,0,734.846,254.456,1650.69,1180.243285714286,998.7230333333334
2015-05-14,310.88,2015,5,14,3,2,0,898.382,1091.35,1021.1700000000001,1272.2327142857143,973.6460999999999
2015-05-16,289.28,2015,5,16,5,2,1,310.88,1799.97,1958.75,1160.737,949.9697666666667
2015-05-17,91.68,2015,5,17,6,2,1,289.28,394.47999999999996,1915.2399999999998,944.9241428571429,894.3207666666666
2015-05-18,944.964,2015,5,18,0,2,0,91.68,2343.799,1872.443,901.6670000000001,833.5354333333332
2015-05-19,91.62,2015,5,19,1,2,0,944.964,1642.802,638.576,701.8334285714287,802.6194666666667
2015-05-20,320.10400000000004,2015,5,20,2,2,0,91.62,734.846,294.71999999999997,480.23600000000016,784.3875999999999
2015-05-21,4264.3279999999995,2015,5,21,3,2,0,320.10400000000004,898.382,39.072,420.98714285714294,785.2337333333334
2015-05-22,180.93,2015,5,22,4,2,0,4264.3279999999995,310.88,1020.532,901.8365714285716,926.0756
2015-05-23,323.758,2015,5,23,5,2,1,180.93,289.28,205.47,883.2722857142859,898.0888666666666
2015-05-24,116.28,2015,5,24,6,2,1,323.758,91.68,1250.45,888.1977142857144,902.0318
2015-05-25,119.53999999999999,2015,5,25,0,2,0,116.28,944.964,845.36,891.7120000000001,864.2261333333333
2015-05-26,1325.7179999999998,2015,5,26,1,2,0,119.53999999999999,91.62,257.752,773.7942857142858,840.0321333333334
2015-05-27,2157.394,2015,5,27,2,2,0,1325.7179999999998,320.10400000000004,643.98,950.094,875.6309999999999
2015-05-28,221.96800000000002,2015,5,28,3,2,0,2157.394,4264.3279999999995,2379.9939999999997,1212.564,926.0781333333332
2015-05-30,1924.913,2015,5,30,5,2,1,221.96800000000002,180.93,282.568,635.0840000000001,854.1439333333333
2015-05-31,773.7,2015,5,31,6,2,1,1924.913,323.758,2578.476,884.2244285714287,908.8887666666667
2015-06-01,5188.5199999999995,2015,6,1,0,2,0,773.7,116.28,768.8439999999999,948.5018571428573,848.7295666666666
2015-06-02,738.598,2015,6,2,1,2,0,5188.5199999999995,119.53999999999999,1048.74,1673.1075714285714,996.0521000000001
2015-06-03,531.16,2015,6,3,2,2,0,738.598,1325.7179999999998,506.12,1761.5444285714286,985.7140333333333
2015-06-04,456.272,2015,6,4,3,2,0,531.16,2157.394,72.632,1648.036142857143,986.5486999999999
2015-06-06,1374.001,2015,6,6,5,2,1,456.272,221.96800000000002,187.43200000000002,1405.0187142857144,999.3367
2015-06-07,281.397,2015,6,7,6,2,1,1374.001,1924.913,260.977,1569.5948571428573,1038.889
2015-06-08,2501.264,2015,6,8,0,2,0,281.397,773.7,254.456,1334.8068571428573,1039.5696666666668
2015-06-09,5463.008,2015,6,9,1,2,0,2501.264,5188.5199999999995,1091.35,1581.6017142857143,1114.4632666666666
2015-06-10,491.55,2015,6,10,2,2,0,5463.008,738.598,1799.97,1620.814285714286,1260.1852
2015-06-13,14.52,2015,6,13,5,2,1,491.55,531.16,394.47999999999996,1585.5217142857143,1216.5711999999999
2015-06-14,212.94,2015,6,14,6,2,1,14.52,456.272,2343.799,1511.7160000000001,1203.9058666666667
2015-06-15,942.9739999999999,2015,6,15,0,2,0,212.94,1374.001,1642.802,1476.9542857142858,1132.8772333333334
2015-06-16,763.792,2015,6,16,1,2,0,942.9739999999999,281.397,734.846,1415.3790000000001,1109.5496333333333
2015-06-17,3356.4860000000003,2015,6,17,2,2,0,763.792,2501.264,898.382,1484.2925714285716,1110.5145
2015-06-18,139.8,2015,6,18,3,2,0,3356.4860000000003,5463.008,310.88,1606.467142857143,1192.4513
2015-06-20,1828.9496,2015,6,20,5,2,1,139.8,491.55,289.28,846.0088571428572,1186.7486333333334
2015-06-21,4107.443,2015,6,21,6,2,1,1828.9496,14.52,91.68,1037.065942857143,1238.0709533333331
2015-06-22,1975.498,2015,6,22,0,2,0,4107.443,212.94,944.964,1621.7692285714288,1371.9297199999999
2015-06-23,109.49600000000001,2015,6,23,1,2,0,1975.498,942.9739999999999,91.62,1873.5632285714287,1406.2808533333332
2015-06-24,4.272,2015,6,24,2,2,0,109.49600000000001,763.792,320.10400000000004,1754.494942857143,1406.87672
2015-06-25,792.76,2015,6,25,3,2,0,4.272,3356.4860000000003,4264.3279999999995,1645.9920857142858,1396.3489866666669
2015-06-27,616.14,2015,6,27,5,2,1,792.76,139.8,180.93,1279.7455142857143,1280.6300533333333
2015-06-28,1645.791,2015,6,28,6,2,1,616.14,1828.9496,323.758,1347.7940857142858,1295.1370533333331
2015-06-29,46.68,2015,6,29,0,2,0,1645.791,4107.443,116.28,1321.6285714285716,1339.20482
2015-06-30,739.6239999999999,2015,6,30,1,2,0,46.68,1975.498,119.53999999999999,741.5195714285716,1336.88482
2015-07-01,601.024,2015,7,1,2,3,0,739.6239999999999,109.49600000000001,1325.7179999999998,564.9661428571429,1357.5542866666665
2015-07-02,79.56,2015,7,2,3,3,0,601.024,4.272,2157.394,635.1844285714286,1333.3978199999997
2015-07-04,247.40800000000002,2015,7,4,5,3,1,79.56,792.76,221.96800000000002,645.9398571428572,1264.1366866666665
2015-07-05,1444.104,2015,7,5,6,3,1,247.40800000000002,616.14,1924.913,568.0324285714286,1264.9846866666664
2015-07-06,1038.472,2015,7,6,0,3,0,1444.104,1645.791,773.7,686.3130000000001,1248.9577199999999
2015-07-07,241.19400000000002,2015,7,7,1,3,0,1038.472,46.68,5188.5199999999995,599.553142857143,1257.7834533333332
2015-07-08,763.0740000000001,2015,7,8,2,3,0,241.19400000000002,739.6239999999999,738.598,627.3408571428572,1092.8725866666668
2015-07-09,265.521,2015,7,9,3,3,0,763.0740000000001,601.024,531.16,630.6908571428573,1093.6884533333332
2015-07-11,2022.356,2015,7,11,5,3,1,265.521,79.56,456.272,582.7618571428573,1084.83382
2015-07-12,1960.012,2015,7,12,6,3,1,2022.356,247.40800000000002,1374.001,860.304142857143,1137.0366199999999
2015-07-13,351.216,2015,7,13,0,3,0,1960.012,1444.104,281.397,1104.961857142857,1156.5703199999998
2015-07-14,292.594,2015,7,14,1,3,0,351.216,1038.472,2501.264,948.8350000000002,1158.89762
2015-07-15,9.51,2015,7,15,2,3,0,292.594,241.19400000000002,5463.008,842.2810000000002,1085.2752866666665
2015-07-18,273.04,2015,7,18,5,3,1,9.51,763.0740000000001,491.55,809.183285714286,903.49202
2015-07-19,461.326,2015,7,19,6,3,1,273.04,265.521,14.52,739.1784285714286,896.2083533333334
2015-07-20,2285.786,2015,7,20,0,3,0,461.326,2022.356,212.94,767.1505714285715,911.1018866666667
2015-07-21,1961.482,2015,7,21,1,3,0,2285.786,1960.012,942.9739999999999,804.7834285714287,980.1967533333333
2015-07-22,1348.344,2015,7,22,2,3,0,1961.482,351.216,763.792,804.9934285714288,1014.14702
2015-07-23,2613.184,2015,7,23,3,3,0,1348.344,292.594,3356.4860000000003,947.4402857142858,1033.6320866666667
2015-07-25,8341.289999999999,2015,7,25,5,3,1,2613.184,9.51,139.8,1278.953142857143,1008.8553533333333
2015-07-26,5039.994,2015,7,26,6,3,1,8341.289999999999,273.04,1828.9496,2469.2074285714284,1282.2383533333332
2015-07-27,580.06,2015,7,27,0,3,0,5039.994,461.326,4107.443,3150.200857142857,1389.2731666666666
2015-07-28,193.152,2015,7,28,1,3,0,580.06,2285.786,1975.498,3167.162857142857,1271.6937333333333
2015-07-30,1367.84,2015,7,30,3,3,0,193.152,1961.482,109.49600000000001,2868.215142857143,1212.2822
2015-08-01,228.328,2015,8,1,5,3,1,1367.84,1348.344,4.272,2783.4091428571433,1254.2269999999999
2015-08-02,886.2800000000001,2015,8,2,6,3,1,228.328,2613.184,792.76,2623.406857142857,1261.695533333333
2015-08-03,477.994,2015,8,3,0,3,0,886.2800000000001,8341.289999999999,616.14,2376.7062857142855,1264.8128666666667
2015-08-04,2743.154,2015,8,4,1,3,0,477.994,5039.994,1645.791,1253.3782857142855,1260.2079999999999
2015-08-05,2408.724,2015,8,5,2,3,0,2743.154,580.06,46.68,925.2582857142858,1296.7867666666666
2015-08-06,262.89,2015,8,6,3,3,0,2408.724,193.152,739.6239999999999,1186.4959999999999,1375.5215666666666
2015-08-08,3955.6290000000004,2015,8,8,5,3,1,262.89,1367.84,601.024,1196.4585714285715,1359.6304333333333
2015-08-09,3605.6850000000004,2015,8,9,6,3,1,3955.6290000000004,228.328,79.56,1566.1427142857142,1471.4506000000001
2015-08-11,451.62,2015,8,11,1,3,0,3605.6850000000004,886.2800000000001,247.40800000000002,2048.622285714286,1588.9880999999998
2015-08-12,1545.73,2015,8,12,2,3,0,451.62,477.994,1444.104,1986.5280000000002,1595.7951666666668
2015-08-15,337.5,2015,8,15,5,3,1,1545.73,2743.154,1038.472,2139.0617142857145,1599.1827
2015-08-16,853.092,2015,8,16,6,3,1,337.5,2408.724,241.19400000000002,1795.3968571428575,1575.8169666666665
2015-08-17,500.34200000000004,2015,8,17,0,3,0,853.092,262.89,763.0740000000001,1573.1637142857141,1596.2135666666666
2015-08-19,1439.106,2015,8,19,2,3,0,500.34200000000004,3955.6290000000004,265.521,1607.0854285714286,1587.4558333333332
2015-08-20,1838.7220000000002,2015,8,20,3,3,0,1439.106,3605.6850000000004,2022.356,1247.582142857143,1626.5753333333332
2015-08-22,23.104,2015,8,22,5,3,1,1838.7220000000002,451.62,1960.012,995.1588571428572,1620.4542
2015-08-23,565.2239999999999,2015,8,23,6,3,1,23.104,1545.73,351.216,933.9422857142857,1555.8906
2015-08-24,59.74,2015,8,24,0,3,0,565.2239999999999,337.5,292.594,793.87,1563.0242
2015-08-25,1451.6499999999999,2015,8,25,1,3,0,59.74,853.092,9.51,754.1899999999999,1555.2623999999998
2015-08-26,366.81,2015,8,26,2,3,0,1451.6499999999999,500.34200000000004,273.04,839.6982857142857,1603.3337333333334
2015-08-27,2070.13,2015,8,27,3,3,0,366.81,1439.106,461.326,820.6222857142858,1606.4594
2015-08-29,832.3225,2015,8,29,5,3,1,2070.13,1838.7220000000002,2285.786,910.7685714285714,1660.0862000000002
2015-08-30,121.24,2015,8,30,6,3,1,832.3225,23.104,1961.482,766.9972142857142,1611.6374166666667
2015-08-31,92.52,2015,8,31,0,3,0,121.24,565.2239999999999,1348.344,781.0166428571428,1550.2960166666667
2015-09-01,469.43600000000004,2015,9,1,1,3,0,92.52,59.74,2613.184,713.4875000000001,1508.4352166666665
2015-09-02,3254.15,2015,9,2,2,3,0,469.43600000000004,1451.6499999999999,8341.289999999999,772.0154999999999,1436.97695
2015-09-03,22.08,2015,9,3,3,3,0,3254.15,366.81,5039.994,1029.5155,1267.405616666667
2015-09-05,296.304,2015,9,5,5,3,1,22.08,2070.13,580.06,980.2683571428571,1100.1418166666665
2015-09-06,100.36,2015,9,6,6,3,1,296.304,832.3225,193.152,726.8646428571428,1090.6832833333333
2015-09-07,3523.875,2015,9,7,0,3,0,100.36,121.24,1367.84,622.2985714285714,1087.5902166666667
2015-09-08,14228.428,2015,9,8,1,3,0,3523.875,92.52,228.328,1108.3892857142857,1159.4580500000002
2015-09-09,4043.5879999999997,2015,9,9,2,3,0,14228.428,469.43600000000004,886.2800000000001,3127.8047142857145,1626.12805
2015-09-10,1855.228,2015,9,10,3,3,0,4043.5879999999997,3254.15,477.994,3638.3978571428565,1731.37165
2015-09-11,127.95,2015,9,11,4,3,0,1855.228,22.08,2743.154,3438.5518571428574,1777.2794500000002
2015-09-12,4904.66,2015,9,12,5,3,1,127.95,296.304,2408.724,3453.676142857143,1690.1059833333334
2015-09-13,1275.408,2015,9,13,6,3,1,4904.66,100.36,262.89,4112.0127142857145,1773.30385
2015-09-14,5023.716,2015,9,14,0,3,0,1275.408,3523.875,3955.6290000000004,4279.876714285714,1807.0544499999999
2015-09-15,133.436,2015,9,15,1,3,0,5023.716,14228.428,3605.6850000000004,4494.139714285714,1842.65735
2015-09-16,33.552,2015,9,16,2,3,0,133.436,4043.5879999999997,451.62,2480.569428571428,1726.9157166666666
2015-09-17,820.523,2015,9,17,3,3,0,33.552,1855.228,1545.73,1907.7071428571428,1712.9801166666666
2015-09-19,9338.637,2015,9,19,5,3,1,820.523,127.95,337.5,1759.8921428571427,1688.80655
2015-09-20,5335.968,2015,9,20,6,3,1,9338.637,4904.66,853.092,3075.7045714285714,1988.84445
2015-09-21,2679.652,2015,9,21,0,3,0,5335.968,1275.408,500.34200000000004,3137.32,2138.27365
2015-09-22,1240.266,2015,9,22,1,3,0,2679.652,5023.716,1439.106,3337.9262857142858,2210.9173166666665
2015-09-23,10662.337000000001,2015,9,23,2,3,0,1240.266,133.436,1838.7220000000002,2797.4334285714285,2204.2893166666668
2015-09-24,211.96,2015,9,24,3,3,0,10662.337000000001,33.552,23.104,4301.562142857143,2498.4098166666668
2015-09-25,354.8888,2015,9,25,4,3,0,211.96,820.523,565.2239999999999,4327.049,2504.7050166666663
2015-09-26,1326.79,2015,9,26,5,3,1,354.8888,9338.637,59.74,4260.529828571429,2497.6938433333335
2015-09-27,773.4399999999999,2015,9,27,6,3,1,1326.79,5335.968,1451.6499999999999,3115.9802571428577,2539.9288433333336
2015-09-28,490.29200000000003,2015,9,28,0,3,0,773.4399999999999,2679.652,366.81,2464.190542857143,2517.3218433333336
2015-09-29,8109.070000000001,2015,9,29,1,3,0,490.29200000000003,1240.266,2070.13,2151.424828571429,2521.43791
2015-09-30,987.532,2015,9,30,2,3,0,8109.070000000001,10662.337000000001,832.3225,3132.6825428571433,2722.7359100000003
2015-10-01,4.71,2015,10,1,3,4,0,987.532,211.96,121.24,1750.5675428571428,2727.90956
2015-10-02,598.144,2015,10,2,4,4,0,4.71,354.8888,92.52,1720.9604000000002,2724.0252266666666
2015-10-03,862.683,2015,10,3,5,4,1,598.144,1326.79,469.43600000000004,1755.711142857143,2740.87936
2015-10-04,728.7479999999999,2015,10,4,6,4,1,862.683,773.4399999999999,3254.15,1689.4101428571428,2753.9875933333333
2015-10-05,191.9,2015,10,5,0,4,0,728.7479999999999,490.29200000000003,22.08,1683.0255714285715,2669.8075266666665
2015-10-06,494.71,2015,10,6,1,4,0,191.9,8109.070000000001,296.304,1640.3981428571428,2675.4681933333336
2015-10-07,237.35999999999999,2015,10,7,2,4,0,494.71,987.532,100.36,552.6324285714286,2682.0817266666663
2015-10-08,147.392,2015,10,8,3,4,0,237.35999999999999,4.71,3523.875,445.465,2686.6483933333334
2015-10-09,249.36,2015,10,9,4,4,0,147.392,598.144,14228.428,465.8481428571428,2574.0989600000003
2015-10-10,2049.386,2015,10,10,5,4,1,249.36,862.683,4043.5879999999997,416.0218571428572,2108.1300266666667
2015-10-11,1381.164,2015,10,11,6,4,1,2049.386,728.7479999999999,1855.228,585.5508571428571,2041.6566266666669
2015-10-12,58.53,2015,10,12,0,4,0,1381.164,191.9,127.95,678.7531428571428,2025.8544933333333
2015-10-13,2212.182,2015,10,13,1,4,0,58.53,494.71,4904.66,659.7002857142859,2023.5404933333334
2015-10-14,4525.484,2015,10,14,2,4,0,2212.182,237.35999999999999,1275.408,905.0534285714285,1933.7912266666667
2015-10-15,206.72400000000002,2015,10,15,3,4,0,4525.484,147.392,5023.716,1517.6425714285713,2042.1270933333335
2015-10-16,194.322,2015,10,16,4,4,0,206.72400000000002,249.36,133.436,1526.1185714285714,1881.5606933333333
2015-10-17,136.068,2015,10,17,5,4,1,194.322,2049.386,33.552,1518.2559999999999,1883.5902266666667
2015-10-18,3134.916,2015,10,18,6,4,1,136.068,1381.164,820.523,1244.9248571428568,1887.0074266666668
2015-10-19,641.104,2015,10,19,0,4,0,3134.916,58.53,9338.637,1495.4608571428573,1964.1538600000001
2015-10-20,1501.104,2015,10,20,1,4,0,641.104,2212.182,5335.968,1578.685714285714,1674.2360933333334
2015-10-21,1356.602,2015,10,21,2,4,0,1501.104,4525.484,2679.652,1477.103142857143,1546.4072933333334
2015-10-22,223.808,2015,10,22,3,4,0,1356.602,206.72400000000002,1240.266,1024.4057142857143,1502.3056266666667
2015-10-24,56.489999999999995,2015,10,24,5,4,1,223.808,194.322,10662.337000000001,1026.8462857142856,1468.4236933333336
2015-10-25,103.882,2015,10,25,6,4,1,56.489999999999995,136.068,211.96,1007.156,1114.89546
2015-10-26,447.88,2015,10,26,0,4,0,103.882,3134.916,354.8888,1002.558,1111.29286
2015-10-27,22.32,2015,10,27,1,4,0,447.88,641.104,1326.79,618.6957142857143,1114.3925666666667
2015-10-28,1510.582,2015,10,28,2,4,0,22.32,1501.104,773.4399999999999,530.298,1070.9102333333333
2015-10-29,2813.8120000000004,2015,10,29,3,4,0,1510.582,1356.602,490.29200000000003,531.652,1095.4816333333333
2015-10-31,5362.026,2015,10,31,5,4,1,2813.8120000000004,223.808,8109.070000000001,739.8248571428574,1172.9323000000002
2015-11-01,4637.816000000001,2015,11,1,6,4,1,5362.026,56.489999999999995,987.532,1473.8560000000002,1081.3641666666667
2015-11-02,2126.37,2015,11,2,0,4,0,4637.816000000001,103.882,4.71,2128.3311428571433,1203.0403000000001
2015-11-03,2784.163,2015,11,3,1,4,0,2126.37,447.88,598.144,2417.2580000000007,1273.7622999999999
2015-11-04,6693.748,2015,11,4,2,4,0,2784.163,22.32,862.683,2751.012714285714,1346.6296
2015-11-05,1694.564,2015,11,5,3,4,0,6693.748,1510.582,728.7479999999999,3704.073857142857,1540.9984333333334
2015-11-07,1302.454,2015,11,7,5,4,1,1694.564,2813.8120000000004,191.9,3730.357,1573.1923
2015-11-08,333.576,2015,11,8,6,4,1,1302.454,5362.026,494.71,3514.4487142857147,1610.2107666666668
2015-11-09,1574.094,2015,11,9,0,4,0,333.576,4637.816000000001,237.35999999999999,2796.098714285715,1604.8396333333335
2015-11-10,2002.556,2015,11,10,1,4,0,1574.094,2126.37,147.392,2358.424142857143,1649.3974333333333
2015-11-11,7836.978,2015,11,11,2,4,0,2002.556,2784.163,249.36,2340.736428571429,1711.2362333333333
2015-11-12,901.6492,2015,11,12,3,4,0,7836.978,6693.748,2049.386,3062.567142857143,1964.1568333333335
2015-11-14,1034.73,2015,11,14,5,4,1,901.6492,1694.564,1381.164,2235.1244571428574,1925.89894
2015-11-15,1780.8220000000001,2015,11,15,6,4,1,1034.73,1302.454,58.53,2140.8624571428572,1914.35114
2015-11-16,1355.9285,2015,11,16,0,4,0,1780.8220000000001,333.576,2212.182,2209.200742857143,1971.7608733333334
2015-11-17,11544.274,2015,11,17,1,4,0,1355.9285,1574.094,4525.484,2355.2511000000004,1943.2190899999998
2015-11-18,3406.855,2015,11,18,2,4,0,11544.274,2002.556,206.72400000000002,3779.562528571429,2177.1787566666667
2015-11-19,7226.086,2015,11,19,3,4,0,3406.855,7836.978,194.322,3980.176671428572,2283.84979
2015-11-20,907.5600000000001,2015,11,20,4,4,0,7226.086,901.6492,136.068,3892.906385714286,2518.2419233333335
2015-11-21,1249.622,2015,11,21,5,4,1,907.5600000000001,1034.73,3134.916,3893.750785714286,2543.9583233333333
2015-11-22,1103.298,2015,11,22,6,4,1,1249.622,1780.8220000000001,641.104,3924.4496428571433,2481.11519
2015-11-23,1363.28,2015,11,23,0,4,0,1103.298,1355.9285,1501.104,3827.6605000000004,2496.5216566666663
2015-11-24,5572.8640000000005,2015,11,24,1,4,0,1363.28,11544.274,1356.602,3828.710714285714,2491.9275233333333
2015-11-25,4415.695,2015,11,25,2,4,0,5572.8640000000005,3406.855,223.808,2975.652142857143,2632.46959
2015-11-26,1705.99,2015,11,26,3,4,0,4415.695,7226.086,56.489999999999995,3119.772142857143,2772.199156666667
2015-11-27,203.66,2015,11,27,4,4,0,1705.99,907.5600000000001,103.882,2331.1870000000004,2827.1824899999997
2015-11-28,2280.83,2015,11,28,5,4,1,203.66,1249.622,447.88,2230.6298571428574,2830.508423333333
2015-11-29,649.0439999999999,2015,11,29,6,4,1,2280.83,1103.298,22.32,2377.945285714286,2891.6067566666666
2015-11-30,219.154,2015,11,30,0,4,0,649.0439999999999,1363.28,1510.582,2313.0518571428574,2912.4975566666667
2015-12-01,5624.39,2015,12,1,1,4,0,219.154,5572.8640000000005,2813.8120000000004,2149.605285714286,2869.449956666667
2015-12-02,1771.808,2015,12,2,2,4,0,5624.39,4415.695,5362.026,2156.966142857143,2963.13589
2015-12-03,505.88,2015,12,3,3,4,0,1771.808,1705.99,4637.816000000001,1779.2680000000005,2843.4619566666665
2015-12-04,129.98,2015,12,4,4,4,0,505.88,203.66,2126.37,1607.8237142857145,2705.7307566666664
2015-12-05,2963.642,2015,12,5,5,4,1,129.98,2280.83,2784.163,1597.2980000000002,2639.184423333333
2015-12-06,1970.9779999999998,2015,12,6,6,4,1,2963.642,649.0439999999999,6693.748,1694.8425714285715,2645.1670566666667
2015-12-07,548.4,2015,12,7,0,4,0,1970.9779999999998,219.154,1694.564,1883.6902857142861,2487.74139
2015-12-08,1095.12,2015,12,8,1,4,0,548.4,5624.39,1302.454,1930.7254285714291,2449.5359233333334
2015-12-09,1522.6520000000003,2015,12,9,2,4,0,1095.12,1771.808,333.576,1283.6868571428572,2442.62479
2015-12-10,573.3359999999999,2015,12,10,3,4,0,1522.6520000000003,505.88,1574.094,1248.0931428571432,2482.2606566666664
2015-12-12,4938.4045,2015,12,12,5,4,1,573.3359999999999,129.98,2002.556,1257.7297142857146,2448.902056666667
2015-12-13,293.152,2015,12,13,6,4,1,4938.4045,2963.642,7836.978,1944.6475000000003,2546.7636733333334
2015-12-14,7641.658,2015,12,14,0,4,0,293.152,1970.9779999999998,901.6492,1563.1489285714285,2295.3028066666666
2015-12-15,1264.466,2015,12,15,1,4,0,7641.658,548.4,1034.73,2373.246071428572,2519.9697666666666
2015-12-16,4065.5950000000003,2015,12,16,2,4,0,1264.466,1095.12,1780.8220000000001,2475.5412142857144,2527.627633333333
2015-12-17,45.534,2015,12,17,3,4,0,4065.5950000000003,1522.6520000000003,1355.9285,2899.8947857142857,2603.7867333333334
2015-12-19,3436.7599999999998,2015,12,19,5,4,1,45.534,573.3359999999999,11544.274,2688.877928571429,2560.106916666666
2015-12-20,6962.4400000000005,2015,12,20,6,4,1,3436.7599999999998,4938.4045,3406.855,3097.9385,2289.85645
2015-12-21,1933.44,2015,12,21,0,4,0,6962.4400000000005,293.152,7226.086,3387.086428571429,2408.37595
2015-12-22,798.968,2015,12,22,1,4,0,1933.44,7641.658,907.5600000000001,3621.413285714286,2231.9544166666665
2015-12-23,942.1080000000001,2015,12,23,2,4,0,798.968,1264.466,1249.622,2643.886142857143,2228.3346833333335
2015-12-24,1950.202,2015,12,24,3,4,0,942.1080000000001,4065.5950000000003,1103.298,2597.835,2218.0842166666666
2015-12-26,2041.414,2015,12,26,5,4,1,1950.202,45.534,1363.28,2295.6360000000004,2246.31435
2015-12-27,2966.388,2015,12,27,6,4,1,2041.414,3436.7599999999998,5572.8640000000005,2580.761714285715,2268.9188166666668
2015-12-28,2682.326,2015,12,28,0,4,0,2966.388,6962.4400000000005,4415.695,2513.565714285715,2182.0362833333334
2015-12-29,2072.096,2015,12,29,1,4,0,2682.326,1933.44,1705.99,1902.1208571428574,2124.257316666667
2015-12-30,2172.651,2015,12,30,2,4,0,2072.096,798.968,203.66,1921.9288571428572,2136.46085
2015-12-31,5253.27,2015,12,31,3,4,0,2172.651,942.1080000000001,2280.83,2118.1692857142857,2202.0938833333335
2016-01-02,1932.096,2016,1,2,5,1,1,5253.27,1950.202,649.0439999999999,2734.0495714285717,2301.175216666667
2016-01-03,1768.2216,2016,1,3,6,1,1,1932.096,2041.414,219.154,2731.463,2343.9436166666665
2016-01-04,264.46,2016,1,4,0,1,0,1768.2216,2966.388,5624.39,2692.4355142857144,2395.579203333333
2016-01-05,295.272,2016,1,5,1,1,0,264.46,2682.326,1771.808,2306.4458000000004,2216.91487
2016-01-06,31.538,2016,1,6,2,1,0,295.272,2072.096,505.88,1965.438085714286,2167.697003333333
2016-01-09,364.07,2016,1,9,5,1,1,31.538,2172.651,129.98,1673.9298000000001,2151.8856033333336
2016-01-10,1018.104,2016,1,10,6,1,1,364.07,5253.27,2963.642,1415.561085714286,2159.6886033333335
2016-01-12,747.496,2016,1,12,1,1,0,1018.104,1932.096,1970.9779999999998,810.5373714285716,2094.8373366666665
2016-01-13,622.278,2016,1,13,2,1,0,747.496,1768.2216,548.4,641.3088000000004,2054.0546033333335
2016-01-17,350.384,2016,1,17,6,1,1,622.278,264.46,1095.12,477.6025714285717,2056.5172033333333
2016-01-19,301.742,2016,1,19,1,1,0,350.384,295.272,1522.6520000000003,489.8774285714289,2031.69267
2016-01-23,43.66,2016,1,23,5,1,1,301.742,31.538,573.3359999999999,490.80171428571447,1990.99567
2016-01-24,13.12,2016,1,24,6,1,1,43.66,364.07,4938.4045,492.5334285714289,1973.3398033333333
2016-01-26,182.72,2016,1,26,1,1,0,13.12,1018.104,293.152,442.3977142857146,1809.1636533333335
2016-01-27,3573.252,2016,1,27,2,1,0,182.72,747.496,7641.658,323.0571428571431,1805.4825866666667
2016-01-28,4297.644,2016,1,28,3,1,0,3573.252,622.278,1264.466,726.7365714285717,1669.8690533333333
2016-01-30,2161.6400000000003,2016,1,30,5,1,1,4297.644,350.384,4065.5950000000003,1251.7888571428573,1770.9749866666668
2016-01-31,99.26,2016,1,31,6,1,1,2161.6400000000003,301.742,45.534,1510.5397142857146,1707.50982
2016-02-03,492.836,2016,2,3,2,1,0,99.26,43.66,3436.7599999999998,1481.6137142857147,1709.3006866666665
2016-02-06,2432.544,2016,2,6,5,1,1,492.836,13.12,6962.4400000000005,1545.7817142857145,1611.1698866666668
2016-02-07,324.10999999999996,2016,2,7,6,1,1,2432.544,182.72,1933.44,1891.4137142857146,1460.1733533333334
2016-02-08,129.09199999999998,2016,2,8,0,1,0,324.10999999999996,3573.252,798.968,1911.612285714286,1406.5290200000002
2016-02-09,785.552,2016,2,9,1,1,0,129.09199999999998,4297.644,942.1080000000001,1419.5894285714292,1384.19982
2016-02-10,77.24,2016,2,10,2,1,0,785.552,2161.6400000000003,1950.202,917.8620000000002,1378.9812866666666
2016-02-14,1079.962,2016,2,14,6,1,1,77.24,99.26,2041.414,620.0905714285717,1316.54922
2016-02-15,1602.38,2016,2,15,0,1,0,1079.962,492.836,2966.388,760.1908571428573,1284.50082
2016-02-16,160.43,2016,2,16,1,1,0,1602.38,2432.544,2682.326,918.6971428571431,1239.0338866666666
2016-02-18,105.844,2016,2,18,3,1,0,160.43,324.10999999999996,2072.096,594.1094285714288,1154.9706866666666
2016-02-20,316.78000000000003,2016,2,20,5,1,1,105.844,129.09199999999998,2172.651,562.9285714285717,1089.4289533333333
2016-02-21,2591.1,2016,2,21,6,1,1,316.78000000000003,785.552,5253.27,589.7411428571431,1027.5665866666668
2016-02-22,79.36,2016,2,22,0,1,0,2591.1,77.24,1932.096,847.6765714285717,938.8275866666667
2016-02-23,37.775999999999996,2016,2,23,1,1,0,79.36,1079.962,1768.2216,847.9794285714288,877.06972
2016-02-25,25.869999999999997,2016,2,25,3,1,0,37.775999999999996,1602.38,264.46,699.0957142857145,819.3882
2016-02-27,1159.271,2016,2,27,5,1,1,25.869999999999997,160.43,295.272,473.88000000000017,811.4352
2016-02-28,551.264,2016,2,28,6,1,1,1159.271,105.844,31.538,616.5715714285717,840.2351666666667
2016-03-01,1642.1744,2016,3,1,1,1,0,551.264,316.78000000000003,364.07,680.2030000000002,857.5593666666666
2016-03-02,899.5699999999999,2016,3,2,2,1,0,1642.1744,2591.1,1018.104,869.5450571428573,900.1628466666666
2016-03-05,1969.267,2016,3,5,5,1,1,899.5699999999999,79.36,747.496,627.8979142857145,896.2117133333334
2016-03-06,1555.244,2016,3,6,6,1,1,1969.267,37.775999999999996,622.278,897.8846285714288,936.9374133333333
2016-03-07,807.54,2016,3,7,0,1,0,1555.244,25.869999999999997,350.384,1114.6657714285716,968.03628
2016-03-08,2563.296,2016,3,8,1,1,0,807.54,1159.271,301.742,1226.3329142857144,983.2748133333333
2016-03-09,478.008,2016,3,9,2,1,0,2563.296,551.264,43.66,1426.9079142857142,1058.6599466666667
2016-03-10,90.93199999999999,2016,3,10,3,1,0,478.008,1642.1744,13.12,1416.4427714285719,1073.1382133333334
2016-03-12,51.016000000000005,2016,3,12,5,1,1,90.93199999999999,899.5699999999999,182.72,1194.8367142857146,1075.7319466666665
2016-03-13,1384.856,2016,3,13,6,1,1,51.016000000000005,1969.267,3573.252,1073.6147142857146,1071.3418133333334
2016-03-14,707.9000000000001,2016,3,14,0,1,0,1384.856,1555.244,4297.644,990.1274285714288,998.3952800000001
2016-03-15,16.776,2016,3,15,1,1,0,707.9000000000001,807.54,2161.6400000000003,869.0782857142858,878.7371466666667
2016-03-16,7230.21,2016,3,16,2,1,0,16.776,2563.296,99.26,756.1120000000002,807.2416799999999
2016-03-17,48.84,2016,3,17,3,1,0,7230.21,478.008,492.836,1422.8140000000003,1044.9400133333334
2016-03-19,5203.889999999999,2016,3,19,5,1,1,48.84,90.93199999999999,2432.544,1361.504285714286,1030.1401466666666
2016-03-20,102.52000000000001,2016,3,20,6,1,1,5203.889999999999,51.016000000000005,324.10999999999996,2091.9268571428574,1122.5183466666667
2016-03-21,1270.3790000000001,2016,3,21,0,1,0,102.52000000000001,1384.856,129.09199999999998,2099.284571428572,1115.1320133333331
2016-03-22,2481.424,2016,3,22,1,1,0,1270.3790000000001,707.9000000000001,785.552,2082.9307142857147,1153.1749133333333
2016-03-23,633.302,2016,3,23,2,1,0,2481.424,16.776,77.24,2336.291285714286,1209.7039799999998
2016-03-24,412.95,2016,3,24,3,1,0,633.302,7230.21,1079.962,2424.366428571429,1228.23938
2016-03-26,131.16,2016,3,26,5,1,1,412.95,48.84,1602.38,1450.4721428571431,1206.0056466666667
2016-03-27,83.7,2016,3,27,6,1,1,131.16,5203.889999999999,160.43,1462.2321428571431,1156.9649800000002
2016-03-28,243.34400000000002,2016,3,28,0,1,0,83.7,102.52000000000001,105.844,730.7764285714289,1154.4073133333334
2016-03-29,1559.0800000000002,2016,3,29,1,1,0,243.34400000000002,1270.3790000000001,316.78000000000003,750.8941428571432,1158.9906466666664
2016-03-30,571.224,2016,3,30,2,1,0,1559.0800000000002,2481.424,2591.1,792.1371428571431,1200.4006466666665
2016-03-31,200.716,2016,3,31,3,1,0,571.224,633.302,79.36,519.2514285714288,1133.0714466666666
2016-04-02,299.22,2016,4,2,5,2,1,200.716,412.95,37.775999999999996,457.45342857142884,1137.1166466666666
2016-04-04,1484.598,2016,4,4,0,2,0,299.22,131.16,25.869999999999997,441.206285714286,1145.8314466666668
2016-04-05,2974.058,2016,4,5,1,2,0,1484.598,83.7,1159.271,634.5545714285718,1194.4557133333333
2016-04-06,140.004,2016,4,6,2,2,0,2974.058,243.34400000000002,551.264,1047.4628571428575,1254.9486133333332
2016-04-07,907.4359999999999,2016,4,7,3,2,0,140.004,1559.0800000000002,1642.1744,1032.7000000000003,1241.2399466666668
2016-04-09,757.992,2016,4,9,5,2,1,907.4359999999999,571.224,899.5699999999999,939.6080000000002,1216.7486666666666
2016-04-10,169.54199999999997,2016,4,10,6,2,1,757.992,200.716,1969.267,966.2891428571431,1212.0294
2016-04-11,1328.346,2016,4,11,0,2,0,169.54199999999997,299.22,1555.244,961.8357142857146,1152.0385666666666
2016-04-13,3192.6780000000003,2016,4,13,2,2,0,1328.346,1484.598,807.54,1108.8537142857144,1144.4752999999998
2016-04-14,35.208,2016,4,14,3,2,0,3192.6780000000003,2974.058,2563.296,1352.8651428571432,1223.9798999999998
2016-04-16,4161.972,2016,4,16,5,2,1,35.208,140.004,478.008,933.0294285714289,1139.7103
2016-04-17,2745.106,2016,4,17,6,2,1,4161.972,907.4359999999999,90.93199999999999,1507.596285714286,1262.5090999999998
2016-04-18,2006.96,2016,4,18,0,2,0,2745.106,757.992,51.016000000000005,1770.1205714285718,1350.9815666666666
2016-04-19,329.96,2016,4,19,1,2,0,2006.96,169.54199999999997,1384.856,1948.5445714285718,1416.1797000000001
2016-04-20,1194.726,2016,4,20,2,2,0,329.96,1328.346,707.9000000000001,1971.461428571429,1381.0165000000002
2016-04-21,893.0899999999999,2016,4,21,3,2,0,1194.726,3192.6780000000003,16.776,1952.3728571428571,1397.2440333333332
2016-04-22,152.916,2016,4,22,4,2,0,893.0899999999999,35.208,7230.21,1623.8602857142857,1426.4545
2016-04-24,25.99,2016,4,24,6,2,1,152.916,4161.972,48.84,1640.6757142857145,1190.5447
2016-04-25,920.9459999999999,2016,4,25,0,2,0,25.99,2745.106,5203.889999999999,1049.8211428571433,1189.7830333333332
2016-04-26,2090.1055,2016,4,26,1,2,0,920.9459999999999,2006.96,102.52000000000001,789.2268571428574,1047.0182333333332
2016-04-27,2719.59,2016,4,27,2,2,0,2090.1055,329.96,1270.3790000000001,801.104785714286,1113.2710833333333
2016-04-28,4044.3619999999996,2016,4,28,3,2,0,2719.59,1194.726,2481.424,1142.4805000000001,1161.5781166666668
2016-04-29,7.968,2016,4,29,4,2,0,4044.3619999999996,893.0899999999999,633.302,1549.5713571428573,1213.6760500000003
2016-04-30,1571.695,2016,4,30,5,2,1,7.968,152.916,412.95,1423.1253571428572,1192.8315833333331
2016-05-01,450.94,2016,5,1,6,2,1,1571.695,25.99,131.16,1625.8080714285716,1231.4564166666669
2016-05-02,167.232,2016,5,2,0,2,0,450.94,920.9459999999999,83.7,1686.5152142857146,1242.11575
2016-05-03,2198.7599999999998,2016,5,3,1,2,0,167.232,2090.1055,243.34400000000002,1578.841785714286,1244.9001500000002
2016-05-04,1121.362,2016,5,4,2,2,0,2198.7599999999998,2719.59,1559.0800000000002,1594.3638571428571,1310.0806833333334
2016-05-07,305.622,2016,5,7,5,2,1,1121.362,4044.3619999999996,571.224,1366.0455714285715,1295.4900833333334
2016-05-08,3981.968,2016,5,8,6,2,1,305.622,7.968,200.716,831.9398571428572,1286.6366833333334
2016-05-09,48.81,2016,5,9,0,2,0,3981.968,1571.695,299.22,1399.6541428571431,1412.6784166666666
2016-05-10,154.442,2016,5,10,1,2,0,48.81,450.94,1484.598,1182.099142857143,1404.3314166666667
2016-05-11,191.968,2016,5,11,2,2,0,154.442,167.232,2974.058,1139.742285714286,1359.9928833333333
2016-05-12,1060.3500000000001,2016,5,12,3,2,0,191.968,2198.7599999999998,140.004,1143.2760000000003,1267.2565500000003
2016-05-13,238.384,2016,5,13,4,2,0,1060.3500000000001,1121.362,907.4359999999999,980.6460000000001,1297.9347500000001
2016-05-14,3141.1994999999997,2016,5,14,5,2,1,238.384,305.622,757.992,854.5062857142858,1275.6330166666667
2016-05-15,69.908,2016,5,15,6,2,1,3141.1994999999997,3981.968,169.54199999999997,1259.588785714286,1355.0732666666668
2016-05-16,255.968,2016,5,16,0,2,0,69.908,48.81,1328.346,700.7230714285716,1351.7521333333332
2016-05-17,47.368,2016,5,17,1,2,0,255.968,154.442,3192.6780000000003,730.3170714285716,1316.0062
2016-05-18,10.86,2016,5,18,2,2,0,47.368,191.968,35.208,715.0207857142859,1211.1625333333334
2016-05-20,169.54399999999998,2016,5,20,4,2,0,10.86,1060.3500000000001,4161.972,689.1482142857145,1210.3509333333334
2016-05-21,72.332,2016,5,21,5,2,1,169.54399999999998,238.384,2745.106,561.8902142857145,1077.27
2016-05-22,3862.0980000000004,2016,5,22,6,2,1,72.332,3141.1994999999997,2006.96,538.1685000000001,988.1775333333333
2016-05-23,1304.9560000000001,2016,5,23,0,2,0,3862.0980000000004,69.908,329.96,641.1540000000002,1050.0154666666667
2016-05-24,610.3069999999999,2016,5,24,1,2,0,1304.9560000000001,255.968,1194.726,817.5894285714288,1082.5153333333333
2016-05-25,1739.4180000000001,2016,5,25,2,2,0,610.3069999999999,47.368,893.0899999999999,868.209285714286,1063.0347
2016-05-26,982.5640000000001,2016,5,26,3,2,0,1739.4180000000001,10.86,152.916,1109.9307142857147,1091.2456333333332
2016-05-28,794.146,2016,5,28,5,2,1,982.5640000000001,169.54399999999998,25.99,1248.7455714285716,1118.9005666666667
2016-05-29,1119.786,2016,5,29,6,2,1,794.146,72.332,920.9459999999999,1337.974428571429,1144.5057666666667
2016-05-30,681.1,2016,5,30,0,2,0,1119.786,3862.0980000000004,2090.1055,1487.6107142857145,1151.1337666666666
2016-05-31,5178.138,2016,5,31,1,2,0,681.1,1304.9560000000001,2719.59,1033.1824285714288,1104.1669166666666
2016-06-01,834.1980000000001,2016,6,1,2,2,0,5178.138,610.3069999999999,4044.3619999999996,1586.4941428571433,1186.1185166666664
2016-06-04,1192.31,2016,6,4,5,2,1,834.1980000000001,1739.4180000000001,7.968,1618.4785714285715,1079.1130500000002
2016-06-05,1533.1979999999999,2016,6,5,6,2,1,1192.31,982.5640000000001,1571.695,1540.320285714286,1118.5911166666667
2016-06-07,59.768,2016,6,7,1,2,0,1533.1979999999999,794.146,450.94,1618.9822857142858,1117.3078833333334
2016-06-08,145.504,2016,6,8,2,2,0,59.768,1119.786,167.232,1514.071142857143,1104.2688166666667
2016-06-09,797.116,2016,6,9,3,2,0,145.504,681.1,2198.7599999999998,1374.8880000000004,1103.5445499999998
2016-06-11,3373.564,2016,6,11,5,2,1,797.116,5178.138,1121.362,1391.4617142857146,1056.8230833333332
2016-06-12,174.476,2016,6,12,6,2,1,3373.564,834.1980000000001,305.622,1133.6654285714287,1131.8964833333332
2016-06-13,1128.8980000000001,2016,6,13,0,2,0,174.476,1192.31,3981.968,1039.4194285714286,1127.52495
2016-06-14,51.072,2016,6,14,1,2,0,1128.8980000000001,1533.1979999999999,48.81,1030.3605714285716,1032.4226166666667
2016-06-15,734.144,2016,6,15,2,2,0,51.072,59.768,154.442,818.6282857142859,1032.4980166666667
2016-06-16,3443.9040000000005,2016,6,16,3,2,0,734.144,145.504,191.968,914.9677142857145,1051.8214166666667
2016-06-18,1883.087,2016,6,18,5,2,1,3443.9040000000005,797.116,1060.3500000000001,1386.1677142857147,1160.2192833333334
2016-06-19,446.346,2016,6,19,6,2,1,1883.087,3373.564,238.384,1541.3064285714288,1187.6438500000002
2016-06-20,829.544,2016,6,20,0,2,0,446.346,174.476,3141.1994999999997,1123.1324285714288,1194.575916666667
2016-06-21,107.976,2016,6,21,1,2,0,829.544,1128.8980000000001,69.908,1216.7135714285719,1117.5207333333335
2016-06-22,2018.953,2016,6,22,2,2,0,107.976,51.072,255.968,1070.8675714285716,1118.7896666666666
2016-06-23,836.958,2016,6,23,3,2,0,2018.953,734.144,47.368,1351.9934285714287,1177.555833333333
2016-06-25,857.0799999999999,2016,6,25,5,2,1,836.958,3443.9040000000005,10.86,1366.6811428571432,1203.8754999999999
2016-06-26,1592.1960000000001,2016,6,26,6,2,1,857.0799999999999,1883.087,169.54399999999998,997.1348571428573,1232.0828333333334
2016-06-28,1126.156,2016,6,28,1,2,0,1592.1960000000001,446.346,72.332,955.5790000000003,1279.5045666666667
2016-06-29,432.92600000000004,2016,6,29,2,2,0,1126.156,829.544,3862.0980000000004,1052.6947142857146,1314.632033333333
2016-07-02,1631.902,2016,7,2,5,3,1,432.92600000000004,107.976,1304.9560000000001,996.0350000000002,1200.3263
2016-07-03,823.982,2016,7,3,6,3,1,1631.902,2018.953,610.3069999999999,1213.7387142857147,1211.2245
2016-07-04,1138.288,2016,7,4,0,3,0,823.982,836.958,1739.4180000000001,1043.0285714285717,1218.3470000000002
2016-07-05,121.64599999999999,2016,7,5,1,3,0,1138.288,857.0799999999999,982.5640000000001,1086.0757142857146,1198.3093333333336
2016-07-06,1379.812,2016,7,6,2,3,0,121.64599999999999,1592.1960000000001,794.146,981.0137142857146,1169.6120666666664
2016-07-08,21.12,2016,7,8,4,3,0,1379.812,1126.156,1119.786,950.673142857143,1189.1342666666667
2016-07-09,1587.114,2016,7,9,5,3,1,21.12,432.92600000000004,681.1,792.8108571428575,1152.5120666666664
2016-07-10,43.286,2016,7,10,6,3,1,1587.114,1631.902,5178.138,957.6948571428574,1182.712533333333
2016-07-11,1941.952,2016,7,11,0,3,0,43.286,823.982,834.1980000000001,730.7497142857145,1011.5507999999999
2016-07-12,2052.567,2016,7,12,1,3,0,1941.952,1138.288,1192.31,890.4597142857145,1048.4759333333334
2016-07-13,2033.256,2016,7,13,2,3,0,2052.567,121.64599999999999,1533.1979999999999,1021.0710000000003,1077.1511666666668
2016-07-14,860.9159999999999,2016,7,14,3,3,0,2033.256,1379.812,59.768,1294.158142857143,1093.8197666666667
2016-07-16,3029.386,2016,7,16,5,3,1,860.9159999999999,21.12,145.504,1220.0301428571431,1120.5247000000002
2016-07-17,448.082,2016,7,17,6,3,1,3029.386,1587.114,797.116,1649.782428571429,1216.6541
2016-07-18,525.72,2016,7,18,0,3,0,448.082,43.286,3373.564,1487.0635714285715,1205.0196333333333
2016-07-19,2.025,2016,7,19,1,3,0,525.72,1941.952,174.476,1555.9827142857143,1110.0915
2016-07-20,2693.168,2016,7,20,2,3,0,2.025,2052.567,1128.8980000000001,1278.850285714286,1104.343133333333
2016-07-23,208.272,2016,7,23,5,3,1,2693.168,2033.256,51.072,1370.3647142857146,1156.4854666666665
2016-07-24,525.95,2016,7,24,6,3,1,208.272,860.9159999999999,734.144,1109.6527142857146,1161.7254666666668
2016-07-25,2395.024,2016,7,25,0,3,0,525.95,3029.386,3443.9040000000005,1061.800428571429,1154.7856666666667
2016-07-26,958.857,2016,7,26,1,3,0,2395.024,448.082,1883.087,971.177285714286,1119.823
2016-07-27,29.97,2016,7,27,2,3,0,958.857,525.72,446.346,1044.1451428571431,1089.0153333333333
2016-07-30,443.802,2016,7,30,5,3,1,29.97,2.025,829.544,973.3237142857146,1075.1361333333332
2016-07-31,3712.1620000000003,2016,7,31,6,3,1,443.802,2693.168,107.976,1036.4347142857146,1062.2780666666665
2016-08-01,1011.696,2016,8,1,0,3,0,3712.1620000000003,208.272,2018.953,1182.005285714286,1182.4176
2016-08-02,1290.4779999999998,2016,8,2,1,3,0,1011.696,525.95,836.958,1296.7801428571431,1148.8423666666667
2016-08-05,72.65,2016,8,5,4,3,0,1290.4779999999998,2395.024,857.0799999999999,1405.9984285714288,1163.9596999999999
2016-08-06,494.86920000000003,2016,8,6,5,3,1,72.65,958.857,1592.1960000000001,1074.2307142857146,1137.8120333333331
2016-08-07,968.206,2016,8,7,6,3,1,494.86920000000003,29.97,1126.156,1007.9467428571431,1101.2344733333334
2016-08-08,760.1120000000001,2016,8,8,0,3,0,968.206,443.802,432.92600000000004,1141.9804571428574,1095.9694733333333
2016-08-09,4878.392,2016,8,9,1,3,0,760.1120000000001,3712.1620000000003,1631.902,1187.1676000000004,1106.8756733333332
2016-08-10,851.4739999999999,2016,8,10,2,3,0,4878.392,1011.696,823.982,1353.7718857142859,1215.0920066666667
2016-08-11,196.112,2016,8,11,3,3,0,851.4739999999999,1290.4779999999998,1138.288,1330.8830285714287,1216.0084066666666
2016-08-13,586.896,2016,8,13,5,3,1,196.112,72.65,121.64599999999999,1174.5450285714287,1184.6025399999999
2016-08-15,497.59000000000003,2016,8,15,0,3,0,586.896,494.86920000000003,1379.812,1248.008742857143,1200.1108733333335
2016-08-16,3378.932,2016,8,16,1,3,0,497.59000000000003,968.206,21.12,1248.3974285714287,1170.7034733333332
2016-08-17,381.64,2016,8,17,2,3,0,3378.932,760.1120000000001,1587.114,1592.7868571428573,1282.6305399999999
2016-08-21,2827.52,2016,8,21,6,3,1,381.64,4878.392,43.286,1538.7194285714286,1242.4480733333332
2016-08-22,66.632,2016,8,22,0,3,0,2827.52,851.4739999999999,1941.952,1245.7377142857144,1335.2558733333333
2016-08-23,1202.278,2016,8,23,1,3,0,66.632,196.112,2052.567,1133.6174285714287,1272.7452066666665
2016-08-24,7194.775,2016,8,24,2,3,0,1202.278,586.896,2033.256,1277.3554285714288,1244.40224
2016-08-25,178.52599999999998,2016,8,25,3,3,0,7194.775,497.59000000000003,860.9159999999999,2221.3381428571433,1416.4528733333332
2016-08-27,639.974,2016,8,27,5,3,1,178.52599999999998,3378.932,3029.386,2175.7575714285717,1393.70654
2016-08-28,6491.293000000001,2016,8,28,6,3,1,639.974,381.64,448.082,1784.4778571428574,1314.0594733333332
2016-08-29,246.5,2016,8,29,0,3,0,6491.293000000001,2827.52,525.72,2657.285428571429,1515.4998400000002
2016-08-31,2601.797,2016,8,31,2,3,0,246.5,66.632,2.025,2288.568285714286,1506.1925066666668
2016-09-01,2367.564,2016,9,1,3,3,0,2601.797,1202.278,2693.168,2650.7347142857147,1592.8515733333334
2016-09-03,1874.8980000000001,2016,9,3,5,3,1,2367.564,7194.775,208.272,2817.204142857143,1581.9981066666667
2016-09-04,1071.284,2016,9,4,6,3,1,1874.8980000000001,178.52599999999998,525.95,2057.221714285715,1637.5523066666667
2016-09-05,934.103,2016,9,5,0,3,0,1071.284,639.974,2395.024,2184.758571428572,1655.7301066666666
2016-09-06,919.674,2016,9,6,1,3,0,934.103,6491.293000000001,958.857,2226.7770000000005,1607.0327399999999
2016-09-07,2922.667,2016,9,7,2,3,0,919.674,246.5,29.97,1430.831428571429,1605.72664
2016-09-08,89.64,2016,9,8,3,3,0,2922.667,2601.797,443.802,1813.1410000000003,1702.149873333333
2016-09-10,1415.7259999999999,2016,9,10,5,3,1,89.64,2367.564,3712.1620000000003,1454.2614285714287,1690.3444733333333
2016-09-11,1962.1299999999999,2016,9,11,6,3,1,1415.7259999999999,1874.8980000000001,1011.696,1318.2845714285718,1613.7966066666665
2016-09-12,707.8240000000001,2016,9,12,0,3,0,1962.1299999999999,1071.284,1290.4779999999998,1330.746285714286,1645.4777399999998
2016-09-13,2109.42,2016,9,13,1,3,0,707.8240000000001,934.103,72.65,1278.823428571429,1626.0559399999997
2016-09-14,3262.42,2016,9,14,2,3,0,2109.42,919.674,494.86920000000003,1446.7258571428574,1693.9482733333332
2016-09-15,2535.85,2016,9,15,3,3,0,3262.42,2922.667,968.206,1781.4038571428573,1786.1999666666668
2016-09-16,31.12,2016,9,16,4,3,0,2535.85,89.64,760.1120000000001,1726.144285714286,1838.4547666666665
2016-09-17,11525.006,2016,9,17,5,3,1,31.12,1415.7259999999999,4878.392,1717.784285714286,1814.1550333333332
2016-09-18,3924.32,2016,9,18,6,3,1,11525.006,1962.1299999999999,851.4739999999999,3161.967142857143,2035.7088333333334
2016-09-19,500.38,2016,9,19,0,3,0,3924.32,707.8240000000001,196.112,3442.2799999999997,2138.1370333333334
2016-09-20,1836.052,2016,9,20,1,3,0,500.38,2109.42,586.896,3412.6451428571427,2148.2793
2016-09-21,6982.058,2016,9,21,2,3,0,1836.052,3262.42,497.59000000000003,3373.592571428572,2189.9178333333334
2016-09-22,1783.504,2016,9,22,3,3,0,6982.058,2535.85,3378.932,3904.9694285714286,2406.0667666666664
2016-09-24,4180.614,2016,9,24,5,3,1,1783.504,31.12,381.64,3797.4914285714285,2352.8858333333333
2016-09-25,3033.757,2016,9,25,6,3,1,4180.614,11525.006,2827.52,4390.276285714286,2479.5183
2016-09-26,3722.273,2016,9,26,0,3,0,3033.757,3924.32,66.632,3177.240714285714,2486.3928666666666
2016-09-27,2382.958,2016,9,27,1,3,0,3722.273,500.38,1202.278,3148.376857142857,2608.2475666666664
2016-09-28,1058.364,2016,9,28,2,3,0,2382.958,1836.052,7194.775,3417.3165714285715,2647.603566666666
2016-10-01,1158.414,2016,10,1,5,4,1,1058.364,6982.058,178.52599999999998,3306.218285714286,2443.0565333333334
2016-10-02,1269.2659999999998,2016,10,2,6,4,1,1158.414,1783.504,639.974,2474.269142857143,2475.719466666667
2016-10-03,275.218,2016,10,3,0,4,0,1269.2659999999998,4180.614,6491.293000000001,2400.8065714285717,2496.695866666667
2016-10-04,505.58,2016,10,4,1,4,0,275.218,3033.757,246.5,1842.8928571428576,2289.4933666666666
2016-10-05,851.092,2016,10,5,2,4,0,505.58,3722.273,2601.797,1481.7247142857145,2298.1293666666666
2016-10-08,222.12,2016,10,8,5,4,1,851.092,2382.958,2367.564,1071.5560000000003,2239.7725333333337
2016-10-09,2133.535,2016,10,9,6,4,1,222.12,1058.364,1874.8980000000001,762.8648571428574,2168.2577333333334
2016-10-10,1855.008,2016,10,10,0,4,0,2133.535,1158.414,1071.284,916.4607142857146,2176.8789666666667
2016-10-11,1011.8955,2016,10,11,1,4,0,1855.008,1269.2659999999998,934.103,1015.9741428571431,2203.0031
2016-10-12,2390.758,2016,10,12,2,4,0,1011.8955,275.218,919.674,979.2069285714289,2205.5961833333336
2016-10-13,371.65999999999997,2016,10,13,3,4,0,2390.758,505.58,2922.667,1281.4269285714288,2254.6323166666666
2016-10-15,3219.5539999999996,2016,10,15,5,4,1,371.65999999999997,851.092,89.64,1262.2955000000002,2169.59875
2016-10-16,824.97,2016,10,16,6,4,1,3219.5539999999996,222.12,1415.7259999999999,1600.6472142857144,2273.9292166666664
2016-10-17,77.88,2016,10,17,0,4,0,824.97,2133.535,1962.1299999999999,1686.768642857143,2254.23735
2016-10-18,378.494,2016,10,18,1,4,0,77.88,1855.008,707.8240000000001,1393.1036428571429,2191.429016666667
2016-10-19,2135.09,2016,10,19,2,4,0,378.494,1011.8955,2109.42,1182.1730714285716,2180.4513500000003
2016-10-20,720.086,2016,10,20,3,4,0,2135.09,2390.758,3262.42,1342.6294285714287,2181.3070166666666
2016-10-22,15.128,2016,10,22,5,4,1,720.086,371.65999999999997,2535.85,1103.9620000000002,2096.56255
2016-10-23,2262.296,2016,10,23,6,4,1,15.128,3219.5539999999996,31.12,1053.0288571428573,2012.5384833333333
2016-10-24,831.145,2016,10,24,0,4,0,2262.296,824.97,11525.006,916.2777142857145,2086.9110166666665
2016-10-25,1425.412,2016,10,25,1,4,0,831.145,77.88,3924.32,917.1598571428574,1730.4489833333332
2016-10-26,1395.333,2016,10,26,2,4,0,1425.412,378.494,500.38,1109.6644285714287,1647.15205
2016-10-28,104.51,2016,10,28,4,4,0,1395.333,2135.09,1836.052,1254.927142857143,1676.9838166666666
2016-10-29,244.24,2016,10,29,5,4,1,104.51,720.086,6982.058,964.844285714286,1619.26575
2016-10-30,2122.044,2016,10,30,6,4,1,244.24,15.128,1783.504,896.8662857142859,1394.6718166666665
2016-10-31,3211.009,2016,10,31,0,4,0,2122.044,2262.296,4180.614,1197.8542857142859,1405.9564833333332
2016-11-01,3106.106,2016,11,1,1,4,0,3211.009,831.145,3033.757,1333.3847142857144,1373.6363166666667
2016-11-02,5528.551,2016,11,2,2,4,0,3106.106,1425.412,3722.273,1658.3791428571433,1376.04795
2016-11-03,2800.846,2016,11,3,3,4,0,5528.551,1395.333,2382.958,2244.5418571428577,1436.2572166666664
2016-11-05,834.874,2016,11,5,5,4,1,2800.846,104.51,1058.364,2445.329428571429,1450.1868166666668
2016-11-06,11.481,2016,11,6,6,4,1,834.874,244.24,1158.414,2549.667142857143,1442.73715
2016-11-07,3073.0730000000003,2016,11,7,0,4,0,11.481,2122.044,1269.2659999999998,2516.4158571428575,1404.50605
2016-11-08,12196.997,2016,11,8,1,4,0,3073.0730000000003,3211.009,275.218,2652.277142857143,1464.6329500000002
2016-11-09,4620.292,2016,11,9,2,4,0,12196.997,3106.106,505.58,3935.9897142857144,1862.0255833333333
2016-11-10,3536.904,2016,11,10,3,4,0,4620.292,5528.551,851.092,4152.302000000001,1999.18265
2016-11-11,542.178,2016,11,11,4,4,0,3536.904,2800.846,222.12,3867.7810000000004,2088.7097166666667
2016-11-12,1127.992,2016,11,12,5,4,1,542.178,834.874,2133.535,3545.114142857143,2099.3783166666667
2016-11-13,2867.9132,2016,11,13,6,4,1,1127.992,11.481,1855.008,3586.988142857143,2065.8602166666665
2016-11-14,2512.71,2016,11,14,0,4,0,2867.9132,3073.0730000000003,1011.8955,3995.0498857142857,2099.623723333333
2016-11-15,702.17,2016,11,15,1,4,0,2512.71,12196.997,2390.758,3914.998028571429,2149.6508733333335
2016-11-16,4072.334,2016,11,16,2,4,0,702.17,4620.292,371.65999999999997,2272.879885714286,2093.364606666667
2016-11-17,3885.986,2016,11,17,3,4,0,4072.334,3536.904,3219.5539999999996,2194.6001714285717,2216.720406666667
2016-11-19,1040.784,2016,11,19,5,4,1,3885.986,542.178,824.97,2244.4690285714287,2238.9348066666666
2016-11-20,2861.15,2016,11,20,6,4,1,1040.784,1127.992,77.88,2315.6984571428575,2246.1286066666667
2016-11-21,3613.5748,2016,11,21,0,4,0,2861.15,2867.9132,378.494,2563.292457142857,2338.904273333333
2016-11-22,614.499,2016,11,22,1,4,0,3613.5748,2512.71,2135.09,2669.815542857143,2446.7403
2016-11-23,3450.188,2016,11,23,2,4,0,614.499,702.17,720.086,2398.642542857143,2396.053933333333
2016-11-24,1218.7640000000001,2016,11,24,3,4,0,3450.188,4072.334,15.128,2791.216542857143,2487.057333333333
2016-11-25,13.12,2016,11,25,4,4,0,1218.7640000000001,3885.986,2262.296,2383.563685714286,2527.1785333333332
2016-11-26,1484.0819999999999,2016,11,26,5,4,1,13.12,1040.784,831.145,1830.2971142857148,2452.2059999999997
2016-11-27,3109.7835,2016,11,27,6,4,1,1484.0819999999999,2861.15,1425.412,1893.6254000000004,2473.9705666666664
2016-11-28,1864.482,2016,11,28,0,4,0,3109.7835,3613.5748,1395.333,1929.1444714285717,2530.1162833333333
2016-11-29,2760.168,2016,11,29,1,4,0,1864.482,614.499,104.51,1679.274071428572,2545.7545833333334
2016-11-30,1798.397,2016,11,30,2,4,0,2760.168,3450.188,244.24,1985.7982142857145,2634.276516666667
2016-12-01,7130.594,2016,12,1,3,4,0,1798.397,1218.7640000000001,2122.044,1749.8280714285718,2686.08175
2016-12-03,1972.645,2016,12,3,5,4,1,7130.594,13.12,3211.009,2594.3752142857147,2853.0334166666667
2016-12-04,5185.814,2016,12,4,6,4,1,1972.645,1484.0819999999999,3106.106,2874.3073571428577,2811.7546166666666
2016-12-05,897.322,2016,12,5,0,4,0,5185.814,3109.7835,5528.551,3403.126214285715,2881.078216666667
2016-12-06,6061.502,2016,12,6,1,4,0,897.322,1864.482,2800.846,3087.0602857142862,2726.7039166666664
2016-12-07,1338.298,2016,12,7,2,4,0,6061.502,2760.168,834.874,3686.6345714285717,2835.3924500000003
2016-12-08,2672.728,2016,12,8,3,4,0,1338.298,1798.397,11.481,3483.510285714286,2852.17325
2016-12-09,34.02,2016,12,9,4,4,0,2672.728,7130.594,3073.0730000000003,3608.4147142857146,2940.881483333333
2016-12-10,3080.38,2016,12,10,5,4,1,34.02,1972.645,12196.997,2594.618428571429,2839.5797166666666
2016-12-11,1590.894,2016,12,11,6,4,1,3080.38,5185.814,4620.292,2752.866285714286,2535.6924833333333
2016-12-12,1448.854,2016,12,12,0,4,0,1590.894,897.322,3536.904,2239.306285714286,2434.7125499999997
2016-12-13,1023.386,2016,12,13,1,4,0,1448.854,6061.502,542.178,2318.0965714285717,2365.1108833333337
2016-12-14,488.744,2016,12,14,2,4,0,1023.386,1338.298,1127.992,1598.3657142857144,2381.15115
2016-12-15,5494.796,2016,12,15,3,4,0,488.744,2672.728,2867.9132,1477.0008571428573,2359.8428833333332
2016-12-16,4.98,2016,12,16,4,4,0,5494.796,34.02,2512.71,1880.153428571429,2447.405643333333
2016-12-17,1918.492,2016,12,17,5,4,1,4.98,3080.38,702.17,1876.0048571428574,2363.8146433333336
2016-12-18,935.288,2016,12,18,6,4,1,1918.492,1590.894,4072.334,1710.0208571428575,2404.3587100000004
2016-12-19,6120.656,2016,12,19,0,4,0,935.288,1448.854,3885.986,1616.3628571428576,2299.7905100000003
2016-12-20,1107.464,2016,12,20,1,4,0,6120.656,1023.386,1040.784,2283.763142857143,2374.27951
2016-12-21,3257.76,2016,12,21,2,4,0,1107.464,488.744,2861.15,2295.774285714286,2376.502176666667
2016-12-22,473.313,2016,12,22,3,4,0,3257.76,5494.796,3613.5748,2691.3480000000004,2389.72251
2016-12-23,194.32,2016,12,23,4,4,0,473.313,4.98,614.499,1973.993285714286,2285.047116666667
2016-12-24,7484.566,2016,12,24,5,4,1,194.32,1918.492,3450.188,2001.0418571428577,2271.04115
2016-12-25,4204.968,2016,12,25,6,4,1,7484.566,935.288,1218.7640000000001,2796.195285714286,2405.5204166666667
2016-12-26,561.486,2016,12,26,0,4,0,4204.968,6120.656,13.12,3263.292428571429,2505.06055
2016-12-27,5148.4472,2016,12,27,1,4,0,561.486,1107.464,1484.0819999999999,2469.1252857142863,2523.339416666667
2016-12-28,79.2,2016,12,28,2,4,0,5148.4472,3257.76,3109.7835,3046.4086,2645.484923333333
2016-12-30,3251.34,2016,12,30,4,4,0,79.2,473.313,1864.482,2592.3286000000003,2544.465473333333
2016-12-31,1381.344,2016,12,31,5,4,1,3251.34,194.32,2760.168,2989.1896,2590.6940733333336
2017-01-02,405.91999999999996,2017,1,2,0,1,0,1381.344,7484.566,1798.397,3158.7644571428573,2544.7332733333333
2017-01-03,2095.83,2017,1,3,1,1,0,405.91999999999996,4204.968,7130.594,2147.5293142857145,2498.3173733333333
2017-01-04,1069.22,2017,1,4,2,1,0,2095.83,561.486,1972.645,1846.2238857142859,2330.491906666667
2017-01-05,255.904,2017,1,5,3,1,0,1069.22,5148.4472,5185.814,1918.7573142857145,2300.3777400000004
2017-01-07,83.576,2017,1,7,5,1,1,255.904,79.2,897.322,1219.822571428572,2136.0474066666666
2017-01-08,1859.1580000000001,2017,1,8,6,1,1,83.576,3251.34,6061.502,1220.4477142857145,2108.92254
2017-01-09,743.046,2017,1,9,0,1,0,1859.1580000000001,1381.344,1338.298,1021.5645714285718,1968.8444066666668
2017-01-10,174.75,2017,1,10,1,1,0,743.046,405.91999999999996,2672.728,930.3791428571432,1949.0026733333332
2017-01-11,149.444,2017,1,11,2,1,0,174.75,2095.83,34.02,897.3548571428574,1865.7367399999998
2017-01-14,405.344,2017,1,14,5,1,1,149.444,1069.22,3080.38,619.2997142857146,1869.5842066666667
2017-01-15,701.923,2017,1,15,6,1,1,405.344,255.904,1590.894,524.460285714286,1780.41634
2017-01-16,102.21799999999999,2017,1,16,0,1,0,701.923,83.576,1448.854,588.177285714286,1750.7839733333335
2017-01-17,1040.55,2017,1,17,1,1,0,102.21799999999999,1859.1580000000001,1023.386,590.8404285714289,1705.8961066666668
2017-01-21,1167.056,2017,1,21,5,1,1,1040.55,743.046,488.744,473.8964285714288,1706.4682399999997
2017-01-22,917.6300000000001,2017,1,22,6,1,1,1167.056,174.75,5494.796,534.469285714286,1729.07864
2017-01-23,1732.3,2017,1,23,0,1,0,917.6300000000001,149.444,4.98,640.5950000000003,1576.50644
2017-01-24,31.36,2017,1,24,1,1,0,1732.3,405.344,1918.492,866.717285714286,1634.0837733333333
2017-01-25,858.712,2017,1,25,2,1,0,31.36,701.923,935.288,813.2910000000003,1571.1793733333334
2017-01-28,39.68,2017,1,28,5,1,1,858.712,102.21799999999999,6120.656,835.6894285714288,1568.6268400000001
2017-01-30,3107.3160000000003,2017,1,30,0,1,0,39.68,1040.55,1107.464,826.7554285714288,1365.92764
2017-01-31,1601.554,2017,1,31,1,1,0,3107.3160000000003,1167.056,3257.76,1122.0077142857147,1432.5893733333332
2017-02-01,161.97,2017,2,1,2,1,0,1601.554,917.6300000000001,473.313,1184.0788571428577,1377.3825066666666
2017-02-02,8996.784,2017,2,2,3,1,0,161.97,1732.3,194.32,1076.127428571429,1367.0044066666667
2017-02-03,866.4,2017,2,3,4,1,0,8996.784,31.36,7484.566,2113.9108571428574,1660.4198733333333
2017-02-04,197.868,2017,2,4,5,1,1,866.4,858.712,4204.968,2233.202285714286,1439.81434
2017-02-05,2994.476,2017,2,5,6,1,1,197.868,39.68,561.486,2138.7960000000003,1306.2443400000002
2017-02-06,132.224,2017,2,6,0,1,0,2994.476,3107.3160000000003,5148.4472,2560.9097142857145,1387.3440066666665
2017-02-07,762.142,2017,2,7,1,1,0,132.224,1601.554,79.2,2135.896571428572,1220.1365666666668
2017-02-08,1369.476,2017,2,8,2,1,0,762.142,161.97,3251.34,2015.9805714285717,1242.9013
2017-02-09,121.83,2017,2,9,3,1,0,1369.476,8996.784,1381.344,2188.4814285714288,1180.1725000000001
2017-02-11,69.93,2017,2,11,5,1,1,121.83,866.4,405.91999999999996,920.6308571428574,1138.1887
2017-02-12,1366.04,2017,2,12,6,1,1,69.93,197.868,2095.83,806.8494285714289,1126.9890333333335
2017-02-13,146.82,2017,2,13,0,1,0,1366.04,2994.476,1069.22,973.7311428571431,1102.6627
2017-02-14,837.921,2017,2,14,1,1,0,146.82,132.224,255.904,566.9231428571431,1071.9160333333334
2017-02-15,407.072,2017,2,15,2,1,0,837.921,762.142,83.576,667.7370000000002,1091.3165999999999
2017-02-16,1135.638,2017,2,16,3,1,0,407.072,1369.476,1859.1580000000001,617.0127142857145,1102.0998
2017-02-19,392.65999999999997,2017,2,19,6,1,1,1135.638,121.83,743.046,583.6072857142859,1077.9824666666668
2017-02-20,16.496,2017,2,20,0,1,0,392.65999999999997,69.93,174.75,622.297285714286,1066.3029333333334
2017-02-21,1524.126,2017,2,21,1,1,0,16.496,1366.04,149.444,614.6638571428574,1061.0278
2017-02-22,983.17,2017,2,22,2,1,0,1524.126,146.82,405.344,637.2475714285716,1106.8505333333333
2017-02-23,57.576,2017,2,23,3,1,0,983.17,837.921,701.923,756.726142857143,1126.1114000000002
2017-02-25,46.72,2017,2,25,5,1,1,57.576,407.072,102.21799999999999,645.2482857142859,1104.6331666666667
2017-02-27,243.892,2017,2,27,0,1,0,46.72,1135.638,1040.55,593.7694285714288,1102.783233333333
2017-02-28,147.584,2017,2,28,1,1,0,243.892,392.65999999999997,1167.056,466.3771428571431,1076.2279666666666
2017-03-01,6285.8060000000005,2017,3,1,2,1,0,147.584,16.496,917.6300000000001,431.36628571428594,1042.2455666666667
2017-03-03,7264.4220000000005,2017,3,3,4,1,0,6285.8060000000005,1524.126,1732.3,1326.9820000000002,1221.1847666666667
2017-03-04,315.45,2017,3,4,5,1,1,7264.4220000000005,983.17,31.36,2147.024285714286,1405.5888333333335
2017-03-05,162.344,2017,3,5,6,1,1,315.45,57.576,858.712,2051.6357142857146,1415.0584999999999
2017-03-06,811.303,2017,3,6,0,1,0,162.344,46.72,39.68,2066.602571428572,1391.8462333333334
2017-03-07,21.072,2017,3,7,1,1,0,811.303,243.892,3107.3160000000003,2175.8287142857143,1417.567
2017-03-08,2190.81,2017,3,8,2,1,0,21.072,147.584,1601.554,2143.997285714286,1314.6922000000002
2017-03-09,635.6,2017,3,9,3,1,0,2190.81,6285.8060000000005,161.97,2435.886714285715,1334.3340666666666
2017-03-10,7879.7339999999995,2017,3,10,4,1,0,635.6,7264.4220000000005,8996.784,1628.714428571429,1350.1217333333334
2017-03-11,896.0219999999999,2017,3,11,5,1,1,7879.7339999999995,315.45,866.4,1716.616142857143,1312.8867333333333
2017-03-12,1694.642,2017,3,12,6,1,1,896.0219999999999,162.344,197.868,1799.5549999999998,1313.8741333333335
2017-03-13,8866.882,2017,3,13,0,1,0,1694.642,811.303,2994.476,2018.4547142857143,1363.7666
2017-03-14,669.3679999999999,2017,3,14,1,1,0,8866.882,21.072,132.224,3169.2517142857146,1559.5134666666668
2017-03-15,1805.992,2017,3,15,2,1,0,669.3679999999999,2190.81,762.142,3261.8654285714288,1577.4182666666668
2017-03-17,2360.334,2017,3,17,4,1,0,1805.992,635.6,1369.476,3206.891428571428,1612.2132666666666
2017-03-18,1061.682,2017,3,18,5,1,1,2360.334,7879.7339999999995,121.83,3453.282,1645.2418666666665
2017-03-19,138.68,2017,3,19,6,1,1,1061.682,896.0219999999999,69.93,2479.274571428571,1676.5702666666664
2017-03-20,928.3109999999999,2017,3,20,0,1,0,138.68,1694.642,1366.04,2371.0828571428574,1678.8619333333331
2017-03-21,645.7059999999999,2017,3,21,1,1,0,928.3109999999999,8866.882,146.82,2261.6070000000004,1664.2709666666667
2017-03-22,226.46800000000002,2017,3,22,2,1,0,645.7059999999999,669.3679999999999,837.921,1087.1532857142859,1680.9004999999997
2017-03-24,745.7740000000001,2017,3,24,4,1,0,226.46800000000002,1805.992,407.072,1023.8818571428574,1660.5187333333333
2017-03-25,1346.97,2017,3,25,5,1,1,745.7740000000001,2360.334,1135.638,872.4221428571431,1671.8088
2017-03-26,682.246,2017,3,26,6,1,1,1346.97,1061.682,392.65999999999997,727.6558571428575,1678.8532
2017-03-27,92.7,2017,3,27,0,1,0,682.246,138.68,16.496,673.4507142857146,1688.5060666666666
2017-03-28,125.3,2017,3,28,1,1,0,92.7,928.3109999999999,1524.126,666.8821428571431,1691.0462
2017-03-29,2659.339,2017,3,29,2,1,0,125.3,645.7059999999999,983.17,552.166285714286,1644.418666666667
2017-03-30,11.34,2017,3,30,3,1,0,2659.339,226.46800000000002,57.576,839.8281428571432,1700.2909666666667
2017-03-31,640.762,2017,3,31,4,1,0,11.34,745.7740000000001,46.72,809.0955714285717,1698.7497666666666
2017-04-01,2161.48,2017,4,1,5,2,1,640.762,1346.97,243.892,794.0938571428575,1718.5511666666669
2017-04-02,1454.9,2017,4,2,6,2,1,2161.48,682.246,147.584,910.4524285714288,1782.4707666666666
2017-04-03,441.198,2017,4,3,0,2,0,1454.9,92.7,6285.8060000000005,1020.8315714285717,1826.0479666666665
2017-04-04,970.1940000000001,2017,4,4,1,2,0,441.198,125.3,7264.4220000000005,1070.6170000000002,1631.2277000000001
2017-04-05,1046.3339999999998,2017,4,5,2,2,0,970.1940000000001,2659.339,315.45,1191.3161428571432,1421.4200999999998
2017-04-06,1294.75,2017,4,6,3,2,0,1046.3339999999998,11.34,162.344,960.8868571428574,1445.7829
2017-04-07,1900.3020000000001,2017,4,7,4,2,0,1294.75,640.762,811.303,1144.2311428571431,1483.5297666666665
2017-04-08,2906.404,2017,4,8,5,2,1,1900.3020000000001,2161.48,21.072,1324.1654285714287,1519.829733333333
2017-04-09,1115.197,2017,4,9,6,2,1,2906.404,1454.9,2190.81,1430.5831428571432,1616.0074666666665
2017-04-10,950.5939999999999,2017,4,10,0,2,0,1115.197,441.198,635.6,1382.0541428571432,1580.1536999999998
2017-04-12,1542.53,2017,4,12,2,2,0,950.5939999999999,970.1940000000001,7879.7339999999995,1454.8250000000003,1590.6535
2017-04-13,6.12,2017,4,13,3,2,0,1542.53,1046.3339999999998,896.0219999999999,1536.587285714286,1379.4133666666667
2017-04-14,1466.572,2017,4,14,4,2,0,6.12,1294.75,1694.642,1387.9852857142862,1349.7499666666665
2017-04-15,2201.856,2017,4,15,5,2,1,1466.572,1900.3020000000001,8866.882,1412.5312857142858,1342.1476333333333
2017-04-16,9335.086000000001,2017,4,16,6,2,1,2201.856,2906.404,669.3679999999999,1455.6104285714287,1119.9801
2017-04-17,421.08500000000004,2017,4,17,0,2,0,9335.086000000001,1115.197,1805.992,2373.9935714285716,1408.8373666666666
2017-04-18,2514.538,2017,4,18,1,2,0,421.08500000000004,950.5939999999999,2360.334,2274.834714285715,1362.6738
2017-04-19,1414.1319999999998,2017,4,19,2,2,0,2514.538,1542.53,1061.682,2498.2552857142864,1367.8139333333336
2017-04-21,271.616,2017,4,21,4,2,0,1414.1319999999998,6.12,138.68,2479.9127142857146,1379.5622666666668
2017-04-22,1765.4650000000001,2017,4,22,5,2,1,271.616,1466.572,928.3109999999999,2517.840714285715,1383.9934666666668
2017-04-23,720.368,2017,4,23,6,2,1,1765.4650000000001,2201.856,645.7059999999999,2560.539714285715,1411.8986000000002
2017-04-24,1607.1000000000001,2017,4,24,0,2,0,720.368,9335.086000000001,226.46800000000002,2348.8985714285723,1414.3873333333333
2017-04-25,108.42,2017,4,25,1,2,0,1607.1000000000001,421.08500000000004,745.7740000000001,1244.9005714285718,1460.4084000000003
2017-04-26,434.646,2017,4,26,2,2,0,108.42,2514.538,1346.97,1200.234142857143,1439.1632666666667
2017-04-28,486.672,2017,4,28,4,2,0,434.646,1414.1319999999998,682.246,903.1067142857146,1408.752466666667
2017-04-30,142.208,2017,4,30,6,2,1,486.672,271.616,92.7,770.6124285714288,1402.2333333333333
2017-05-01,517.866,2017,5,1,0,2,0,142.208,1765.4650000000001,125.3,752.1255714285717,1403.8836000000001
2017-05-02,767.316,2017,5,2,1,2,0,517.866,720.368,2659.339,573.8971428571431,1416.9691333333333
2017-05-03,1099.013,2017,5,3,2,2,0,767.316,1607.1000000000001,11.34,580.6040000000003,1353.9017
2017-05-05,2701.28,2017,5,5,4,2,0,1099.013,108.42,640.762,508.0201428571431,1390.1574666666668
2017-05-06,236.96,2017,5,6,5,2,1,2701.28,434.646,2161.48,878.4287142857146,1458.8414
2017-05-07,4835.976,2017,5,7,6,2,1,236.96,486.672,1454.9,850.1878571428575,1394.6907333333334
2017-05-08,1340.2440000000001,2017,5,8,0,2,0,4835.976,142.208,441.198,1471.5170000000003,1507.3932666666667
2017-05-09,1283.512,2017,5,9,1,2,0,1340.2440000000001,517.866,970.1940000000001,1642.6650000000002,1537.3614666666665
2017-05-10,763.0200000000001,2017,5,10,2,2,0,1283.512,767.316,1046.3339999999998,1752.0430000000001,1547.8054000000002
2017-05-11,5.98,2017,5,11,3,2,0,763.0200000000001,1099.013,1294.75,1751.4292857142862,1538.3616
2017-05-12,918.878,2017,5,12,4,2,0,5.98,2701.28,1900.3020000000001,1595.2817142857145,1495.4026000000001
2017-05-14,455.93,2017,5,14,6,2,1,918.878,236.96,2906.404,1340.6528571428576,1462.6884666666667
2017-05-15,648.9119999999999,2017,5,15,0,2,0,455.93,4835.976,1115.197,1371.9342857142858,1381.006
2017-05-16,880.4599999999998,2017,5,16,1,2,0,648.9119999999999,1340.2440000000001,950.5939999999999,773.7822857142861,1365.463166666667
2017-05-17,346.922,2017,5,17,2,2,0,880.4599999999998,1283.512,1542.53,708.0988571428574,1363.1253666666669
2017-05-18,122.22,2017,5,18,3,2,0,346.922,763.0200000000001,6.12,574.3002857142859,1323.2717666666665
2017-05-19,1582.008,2017,5,19,4,2,0,122.22,5.98,1466.572,482.75742857142876,1327.1417666666669
2017-05-20,2471.913,2017,5,20,5,2,1,1582.008,918.878,2201.856,707.904285714286,1330.9896333333336
2017-05-21,2718.214,2017,5,21,6,2,1,2471.913,455.93,9335.086000000001,929.7664285714288,1339.9915333333333
2017-05-22,1799.2,2017,5,22,0,2,0,2718.214,648.9119999999999,421.08500000000004,1252.9498571428574,1119.4291333333333
2017-05-23,10560.978000000001,2017,5,23,1,2,0,1799.2,880.4599999999998,2514.538,1417.2767142857144,1165.3663000000001
2017-05-24,277.756,2017,5,24,2,2,0,10560.978000000001,346.922,1414.1319999999998,2800.2078571428574,1433.5809666666669
2017-05-25,1311.97,2017,5,25,3,2,0,277.756,122.22,271.616,2790.3270000000007,1395.7017666666668
2017-05-26,1975.356,2017,5,26,4,2,0,1311.97,1582.008,1765.4650000000001,2960.2912857142865,1430.3802333333333
2017-05-27,5305.078,2017,5,27,5,2,1,1975.356,2471.913,720.368,3016.4838571428577,1437.3765999999998
2017-05-28,2137.324,2017,5,28,6,2,1,5305.078,2718.214,1607.1000000000001,3421.221714285715,1590.2002666666667
2017-05-29,1063.185,2017,5,29,0,2,0,2137.324,1799.2,108.42,3338.237428571429,1607.8744
2017-05-30,8090.578,2017,5,30,1,2,0,1063.185,10560.978000000001,434.646,3233.092428571429,1639.6999
2017-05-31,438.85900000000004,2017,5,31,2,2,0,8090.578,277.756,486.672,2880.1781428571435,1894.8976333333335
2017-06-02,157.844,2017,6,2,4,2,0,438.85900000000004,1311.97,142.208,2903.1928571428575,1893.3038666666666
2017-06-04,2316.523,2017,6,4,6,2,1,157.844,1975.356,517.866,2738.3177142857153,1893.8250666666668
2017-06-05,659.82,2017,6,5,0,2,0,2316.523,5305.078,767.316,2787.055857142858,1953.7803
2017-06-06,5477.352,2017,6,6,1,2,0,659.82,2137.324,1099.013,2123.447571428572,1950.1971
2017-06-07,51.562,2017,6,7,2,2,0,5477.352,1063.185,2701.28,2600.594428571429,2096.1417333333334
2017-06-09,1688.472,2017,6,9,4,2,0,51.562,8090.578,236.96,2456.076857142857,2007.8178000000003
2017-06-10,1412.396,2017,6,10,5,2,1,1688.472,438.85900000000004,4835.976,1541.490285714286,2056.2015333333334
2017-06-11,1623.4160000000002,2017,6,11,6,2,1,1412.396,157.844,1340.2440000000001,1680.5670000000002,1942.0822
2017-06-12,2962.563,2017,6,12,0,2,0,1623.4160000000002,2316.523,1283.512,1889.934428571429,1951.5212666666669
2017-06-13,430.43800000000005,2017,6,13,1,2,0,2962.563,659.82,763.0200000000001,1982.2258571428574,2007.4896333333334
2017-06-14,3457.099,2017,6,14,2,2,0,430.43800000000005,5477.352,5.98,1949.4570000000003,1996.4035666666668
2017-06-15,173.488,2017,6,15,3,2,0,3457.099,51.562,918.878,1660.849428571429,2111.440866666667
2017-06-16,147.275,2017,6,16,4,2,0,173.488,1688.472,455.93,1678.267428571429,2086.5945333333334
2017-06-17,3000.92,2017,6,17,5,2,1,147.275,1412.396,648.9119999999999,1458.096428571429,2076.3060333333333
2017-06-18,541.938,2017,6,18,6,2,1,3000.92,1623.4160000000002,880.4599999999998,1685.028428571429,2154.7063
2017-06-19,17.12,2017,6,19,0,2,0,541.938,2962.563,346.922,1530.5315714285719,2143.422233333333
2017-06-20,1229.548,2017,6,20,1,2,0,17.12,430.43800000000005,122.22,1109.7540000000004,2132.4288333333334
2017-06-21,577.108,2017,6,21,2,2,0,1229.548,3457.099,1582.008,1223.9125714285717,2169.3397666666665
2017-06-23,2475.094,2017,6,23,4,2,0,577.108,173.488,2471.913,812.4852857142861,2135.8431
2017-06-24,5310.952,2017,6,24,5,2,1,2475.094,147.275,2718.214,1141.2861428571432,2135.9491333333335
2017-06-25,893.266,2017,6,25,6,2,1,5310.952,3000.92,1799.2,1878.9542857142858,2222.3737333333333
2017-06-26,1919.6,2017,6,26,0,2,0,893.266,541.938,10560.978000000001,1577.8608571428574,2192.1759333333334
2017-06-27,778.7060000000001,2017,6,27,1,2,0,1919.6,17.12,277.756,1774.6697142857145,1904.13
2017-06-28,877.1560000000001,2017,6,28,2,2,0,778.7060000000001,1229.548,1311.97,1883.4677142857145,1920.8283333333334
2017-06-29,191.88,2017,6,29,3,2,0,877.1560000000001,577.108,1975.356,1833.1260000000002,1906.3345333333336
2017-06-30,1352.9499999999998,2017,6,30,4,2,0,191.88,2475.094,5305.078,1778.0934285714288,1846.8853333333334
2017-07-01,1724.376,2017,7,1,5,3,1,1352.9499999999998,5310.952,2137.324,1617.7871428571432,1715.1477333333335
2017-07-02,772.786,2017,7,2,6,3,1,1724.376,893.266,1063.185,1105.419142857143,1701.3828
2017-07-03,847.7,2017,7,3,0,3,0,772.786,1919.6,8090.578,1088.2077142857145,1691.7028333333333
2017-07-04,1651.301,2017,7,4,1,3,0,847.7,778.7060000000001,438.85900000000004,935.079142857143,1450.2735666666665
2017-07-07,3882.231,2017,7,7,4,3,0,1651.301,877.1560000000001,157.844,1059.7355714285716,1490.6883
2017-07-08,2616.512,2017,7,8,5,3,1,3882.231,191.88,2316.523,1489.0320000000004,1614.8345333333334
2017-07-09,573.286,2017,7,9,6,3,1,2616.512,1352.9499999999998,659.82,1835.408,1624.8341666666668
2017-07-10,895.895,2017,7,10,0,3,0,573.286,1724.376,5477.352,1724.0274285714288,1621.9497000000001
2017-07-12,95.76,2017,7,12,2,3,0,895.895,772.786,51.562,1605.6730000000002,1469.2344666666665
2017-07-14,2149.96,2017,7,14,4,3,0,95.76,847.7,1688.472,1508.9550000000002,1470.7077333333332
2017-07-15,380.2,2017,7,15,5,3,1,2149.96,1651.301,1412.396,1694.992142857143,1486.0906666666667
2017-07-16,910.17,2017,7,16,6,3,1,380.2,3882.231,1623.4160000000002,1513.4062857142858,1451.6841333333334
2017-07-17,2184.88,2017,7,17,0,3,0,910.17,2616.512,2962.563,1088.826142857143,1427.9092666666666
2017-07-18,2891.858,2017,7,18,1,3,0,2184.88,573.286,430.43800000000005,1027.1644285714285,1401.9865
2017-07-19,1536.454,2017,7,19,2,3,0,2891.858,895.895,3457.099,1358.3890000000004,1484.0338333333334
2017-07-20,89.95,2017,7,20,3,3,0,1536.454,95.76,173.488,1449.8974285714287,1420.0123333333333
2017-07-21,991.0949999999999,2017,7,21,4,3,0,89.95,2149.96,147.275,1449.0674285714285,1417.2277333333334
2017-07-22,1368.048,2017,7,22,5,3,1,991.0949999999999,380.2,3000.92,1283.515285714286,1445.3550666666667
2017-07-23,654.587,2017,7,23,6,3,1,1368.048,910.17,541.938,1424.6364285714287,1390.926
2017-07-24,326.964,2017,7,24,0,3,0,654.587,2184.88,17.12,1388.1245714285717,1394.6809666666668
2017-07-25,4979.308,2017,7,25,1,3,0,326.964,2891.858,1229.548,1122.7080000000003,1405.0091
2017-07-28,2033.374,2017,7,28,4,3,0,4979.308,1536.454,577.108,1420.9151428571433,1530.0011000000002
2017-07-29,819.154,2017,7,29,5,3,1,2033.374,89.95,2475.094,1491.9037142857146,1578.5433000000003
2017-07-30,1770.776,2017,7,30,6,3,1,819.154,991.0949999999999,5310.952,1596.0757142857144,1523.3453
2017-07-31,2174.158,2017,7,31,0,3,0,1770.776,1368.048,893.266,1707.4587142857147,1405.3394333333335
2017-08-01,1124.6480000000001,2017,8,1,1,3,0,2174.158,654.587,1919.6,1822.617285714286,1448.0358333333331
2017-08-02,482.584,2017,8,2,2,3,0,1124.6480000000001,326.964,778.7060000000001,1889.7688571428573,1421.5374333333334
2017-08-03,248.82,2017,8,3,3,3,0,482.584,4979.308,877.1560000000001,1912.000285714286,1411.6667000000002
2017-08-04,497.91,2017,8,4,4,3,0,248.82,2033.374,191.88,1236.216285714286,1390.7221666666667
2017-08-05,197.05,2017,8,5,5,3,1,497.91,819.154,1352.9499999999998,1016.8642857142859,1400.9231666666667
2017-08-06,320.38800000000003,2017,8,6,6,3,1,197.05,1770.776,1724.376,927.9922857142858,1362.393166666667
2017-08-07,179.97,2017,8,7,0,3,0,320.38800000000003,2174.158,772.786,720.7940000000001,1315.5935666666667
2017-08-08,1115.204,2017,8,8,1,3,0,179.97,1124.6480000000001,847.7,435.9100000000002,1295.8330333333333
2017-08-09,661.3539999999999,2017,8,9,2,3,0,1115.204,482.584,1651.301,434.5608571428573,1304.7498333333335
2017-08-11,151.82,2017,8,11,4,3,0,661.3539999999999,248.82,3882.231,460.0994285714287,1271.7516
2017-08-12,3951.9605,2017,8,12,5,3,1,151.82,497.91,2616.512,446.24228571428586,1147.4045666666668
2017-08-13,731.524,2017,8,13,6,3,1,3951.9605,197.05,573.286,939.6780714285716,1191.9195166666666
2017-08-14,923.688,2017,8,14,0,3,0,731.524,320.38800000000003,895.895,1016.0315000000002,1197.1941166666666
2017-08-15,1680.266,2017,8,15,1,3,0,923.688,179.97,95.76,1102.2172142857144,1198.12055
2017-08-16,204.54,2017,8,16,2,3,0,1680.266,1115.204,2149.96,1316.5452142857143,1250.9374166666669
2017-08-17,15.712,2017,8,17,3,3,0,204.54,661.3539999999999,380.2,1186.4503571428575,1186.0900833333335
2017-08-18,496.11400000000003,2017,8,18,4,3,0,15.712,151.82,910.17,1094.2157857142859,1173.9404833333333
2017-08-19,448.792,2017,8,19,5,3,1,496.11400000000003,3951.9605,2184.88,1143.400642857143,1160.1386166666666
2017-08-20,14.78,2017,8,20,6,3,1,448.792,731.524,2891.858,642.9480000000002,1102.2690166666666
2017-08-21,4225.118,2017,8,21,0,3,0,14.78,923.688,1536.454,540.5560000000002,1006.3664166666666
2017-08-22,405.35,2017,8,22,1,3,0,4225.118,1680.266,89.95,1012.1888571428574,1095.9885500000003
2017-08-23,4187.348,2017,8,23,2,3,0,405.35,204.54,991.0949999999999,830.0580000000003,1106.5018833333336
2017-08-26,4874.298,2017,8,26,5,3,1,4187.348,15.712,1368.048,1399.0305714285716,1213.04365
2017-08-27,767.9110000000001,2017,8,27,6,3,1,4874.298,496.11400000000003,654.587,2093.1142857142863,1329.91865
2017-08-28,322.0248,2017,8,28,0,3,0,767.9110000000001,448.792,326.964,2131.942428571429,1333.6961166666665
2017-08-29,632.188,2017,8,29,1,3,0,322.0248,14.78,4979.308,2113.8328285714288,1333.5314766666665
2017-08-30,1656.87,2017,8,30,2,3,0,632.188,4225.118,2033.374,2202.033971428572,1188.6274766666668
2017-08-31,23.968,2017,8,31,3,3,0,1656.87,405.35,819.154,1835.1414000000002,1176.0773433333334
2017-09-01,5766.151999999999,2017,9,1,4,3,0,23.968,4187.348,1770.776,1780.6582571428573,1149.5711433333336
2017-09-02,6792.193,2017,9,2,5,3,1,5766.151999999999,4874.298,2174.158,2006.201685714286,1282.7503433333334
2017-09-03,2365.596,2017,9,3,6,3,1,6792.193,767.9110000000001,1124.6480000000001,2280.186685714286,1436.6848433333332
2017-09-04,1707.812,2017,9,4,0,3,0,2365.596,322.0248,482.584,2508.4274000000005,1478.0497766666667
2017-09-05,5226.348,2017,9,5,1,3,0,1707.812,632.188,248.82,2706.3970000000004,1518.89071
2017-09-06,1313.536,2017,9,6,2,3,0,5226.348,1656.87,497.91,3362.705571428571,1684.8083100000001
2017-09-08,4493.9836000000005,2017,9,8,4,3,0,1313.536,23.968,197.05,3313.6578571428577,1711.9958433333334
2017-09-09,84.992,2017,9,9,5,3,1,4493.9836000000005,5766.151999999999,320.38800000000003,3952.2315142857146,1855.2269633333335
2017-09-10,2094.324,2017,9,10,6,3,1,84.992,6792.193,179.97,3140.6372285714288,1847.3804300000002
2017-09-11,6402.018,2017,9,11,0,3,0,2094.324,2365.596,1115.204,2469.5130857142863,1911.19223
2017-09-12,2043.7919999999997,2017,9,12,1,3,0,6402.018,1707.812,661.3539999999999,3046.1448000000005,2087.4193633333334
2017-09-13,2374.73,2017,9,13,2,3,0,2043.7919999999997,5226.348,151.82,3094.141942857143,2133.50063
2017-09-14,1137.338,2017,9,14,3,3,0,2374.73,1313.536,3951.9605,2686.767942857143,2207.5976299999998
2017-09-15,2101.1820000000002,2017,9,15,4,3,0,1137.338,4493.9836000000005,731.524,2661.5968000000003,2113.77688
2017-09-16,425.886,2017,9,16,5,3,1,2101.1820000000002,84.992,923.688,2319.7680000000005,2159.4321466666665
2017-09-17,2043.126,2017,9,17,6,3,1,425.886,2094.324,1680.266,2368.4671428571432,2142.838746666667
2017-09-18,4751.082,2017,9,18,0,3,0,2043.126,6402.018,204.54,2361.1531428571434,2154.93408
2017-09-19,3839.312,2017,9,19,1,3,0,4751.082,2043.7919999999997,15.712,2125.305142857143,2306.4854800000003
2017-09-20,1232.004,2017,9,20,2,3,0,3839.312,2374.73,496.11400000000003,2381.8080000000004,2433.9388133333337
2017-09-22,418.062,2017,9,22,4,3,0,1232.004,1137.338,448.792,2218.561428571429,2458.46848
2017-09-23,1322.145,2017,9,23,5,3,1,418.062,2101.1820000000002,14.78,2115.8077142857146,2457.4441466666667
2017-09-24,2286.05,2017,9,24,6,3,1,1322.145,425.886,4225.118,2004.5167142857142,2501.02298
2017-09-25,2384.003,2017,9,25,0,3,0,2286.05,2043.126,405.35,2270.254428571429,2436.38738
2017-09-26,2698.1665,2017,9,26,1,3,0,2384.003,4751.082,4187.348,2318.951142857143,2502.3424800000003
2017-09-27,1992.9858,2017,9,27,2,3,0,2698.1665,3839.312,4874.298,2025.6775000000002,2452.703096666666
2017-09-28,99.136,2017,9,28,3,3,0,1992.9858,1232.004,767.9110000000001,1761.9166142857143,2356.6593566666666
2017-09-29,1271.5520000000001,2017,9,29,4,3,0,99.136,418.062,322.0248,1600.0783285714285,2334.366856666667
2017-09-30,525.884,2017,9,30,5,3,1,1271.5520000000001,1322.145,632.188,1722.0054714285714,2366.0177633333337
2017-10-01,781.414,2017,10,1,6,4,1,525.884,2286.05,1656.87,1608.2539000000002,2362.4742966666668
2017-10-02,18452.972,2017,10,2,0,4,0,781.414,2384.003,23.968,1393.3059,2333.29243
2017-10-03,1680.696,2017,10,3,1,4,0,18452.972,2698.1665,5766.151999999999,3688.8729000000008,2947.592563333333
2017-10-04,5912.782,2017,10,4,2,4,0,1680.696,1992.9858,6792.193,3543.5199714285723,2811.410696666667
2017-10-06,830.4000000000001,2017,10,6,4,4,0,5912.782,99.136,2365.596,4103.490857142858,2782.096996666667
2017-10-07,973.712,2017,10,7,5,4,1,830.4000000000001,1271.5520000000001,1707.812,4207.9571428571435,2730.923796666667
2017-10-08,561.5360000000001,2017,10,8,6,4,1,973.712,525.884,5226.348,4165.408571428572,2706.4537966666667
2017-10-09,546.9200000000001,2017,10,9,0,4,0,561.5360000000001,781.414,1313.536,4170.501714285715,2550.9600633333334
2017-10-10,252.36100000000002,2017,10,10,1,4,0,546.9200000000001,18452.972,4493.9836000000005,4137.002571428572,2525.4061966666673
2017-10-11,33.064,2017,10,11,2,4,0,252.36100000000002,1680.696,84.992,1536.9152857142865,2384.018776666667
2017-10-13,1650.618,2017,10,13,4,4,0,33.064,5912.782,2094.324,1301.5392857142863,2382.2878433333335
2017-10-14,3335.888,2017,10,14,5,4,1,1650.618,830.4000000000001,6402.018,692.6587142857148,2367.4976433333336
2017-10-15,1620.15,2017,10,15,6,4,1,3335.888,973.712,2043.7919999999997,1050.585571428572,2265.29331
2017-10-16,142.182,2017,10,16,0,4,0,1620.15,561.5360000000001,2374.73,1142.9338571428577,2251.1719099999996
2017-10-17,2953.346,2017,10,17,1,4,0,142.182,546.9200000000001,1137.338,1083.0261428571434,2176.7536433333335
2017-10-18,307.92,2017,10,18,2,4,0,2953.346,252.36100000000002,2101.1820000000002,1426.801285714286,2237.2872433333337
2017-10-20,946.174,2017,10,20,4,4,0,307.92,33.064,425.886,1434.7382857142861,2177.511843333333
2017-10-21,7877.272,2017,10,21,5,4,1,946.174,1650.618,2043.126,1565.182571428572,2194.8547766666666
2017-10-22,188.28,2017,10,22,6,4,1,7877.272,3335.888,4751.082,2454.7045714285714,2389.32631
2017-10-23,467.422,2017,10,23,0,4,0,188.28,1620.15,3839.312,2005.0462857142863,2237.23291
2017-10-24,1365.498,2017,10,24,1,4,0,467.422,142.182,1232.004,1840.3708571428574,2124.8365766666666
2017-10-25,783.96,2017,10,25,2,4,0,1365.498,2953.346,418.062,2015.1302857142862,2129.2863766666665
2017-10-27,978.79,2017,10,27,4,4,0,783.96,307.92,1322.145,1705.2180000000003,2141.4829766666667
2017-10-28,2899.021,2017,10,28,5,4,1,978.79,946.174,2286.05,1801.056571428572,2130.03781
2017-10-29,131.154,2017,10,29,6,4,1,2899.021,7877.272,2384.003,2080.0347142857145,2150.4701766666667
2017-10-30,159.002,2017,10,30,0,4,0,131.154,188.28,2698.1665,973.4464285714291,2075.37521
2017-10-31,3750.4990000000003,2017,10,31,1,4,0,159.002,467.422,1992.9858,969.2638571428577,1990.7363933333334
2017-11-01,453.37399999999997,2017,11,1,2,4,0,3750.4990000000003,1365.498,99.136,1438.2748571428576,2049.320166666667
2017-11-03,3802.796,2017,11,3,4,4,0,453.37399999999997,783.96,1271.5520000000001,1307.971428571429,2061.1281
2017-11-04,3888.8179999999998,2017,11,4,5,4,1,3802.796,978.79,525.884,1739.2337142857145,2145.5029000000004
2017-11-05,4266.8988,2017,11,5,6,4,1,3888.8179999999998,2899.021,781.414,2154.952,2257.6007000000004
2017-11-06,773.2560000000001,2017,11,6,0,4,0,4266.8988,131.154,18452.972,2350.363114285715,2373.7835266666666
2017-11-07,3810.464,2017,11,7,1,4,0,773.2560000000001,159.002,1680.696,2442.0919714285715,1784.45966
2017-11-08,993.9000000000001,2017,11,8,2,4,0,3810.464,3750.4990000000003,5912.782,2963.7294,1855.4519266666668
2017-11-09,479.97,2017,11,9,3,4,0,993.9000000000001,453.37399999999997,830.4000000000001,2569.929542857143,1691.4891933333333
2017-11-10,4723.478,2017,11,10,4,4,0,479.97,3802.796,973.712,2573.728971428572,1679.8081933333335
2017-11-11,4944.296,2017,11,11,5,4,1,4723.478,3888.8179999999998,561.5360000000001,2705.254971428572,1804.8003933333334
2017-11-12,4914.938,2017,11,12,6,4,1,4944.296,4266.8988,546.9200000000001,2856.0375428571433,1950.8923933333333
2017-11-13,2945.1380000000004,2017,11,13,0,4,0,4914.938,773.2560000000001,252.36100000000002,2948.6145714285717,2096.4929933333333
2017-11-14,2774.0620000000004,2017,11,14,1,4,0,2945.1380000000004,3810.464,33.064,3258.8834285714292,2186.2522266666665
2017-11-15,2145.718,2017,11,15,2,4,0,2774.0620000000004,993.9000000000001,1650.618,3110.8260000000005,2277.618826666667
2017-11-16,36.72,2017,11,16,3,4,0,2145.718,479.97,3335.888,3275.3714285714295,2294.12216
2017-11-17,142.684,2017,11,17,4,4,0,36.72,4723.478,1620.15,3212.0500000000006,2184.1498933333332
2017-11-18,3958.9320000000002,2017,11,18,5,4,1,142.684,4944.296,142.182,2557.6508571428576,2134.901026666667
2017-11-19,638.462,2017,11,19,6,4,1,3958.9320000000002,4914.938,2953.346,2416.8845714285717,2262.1260266666663
2017-11-20,3070.333,2017,11,20,0,4,0,638.462,2945.1380000000004,307.92,1805.9594285714295,2184.9632266666667
2017-11-21,1176.891,2017,11,21,1,4,0,3070.333,2774.0620000000004,946.174,1823.844428571429,2277.0436600000003
2017-11-22,317.044,2017,11,22,2,4,0,1176.891,2145.718,7877.272,1595.6771428571433,2284.734226666667
2017-11-23,100.61599999999999,2017,11,23,3,4,0,317.044,36.72,188.28,1334.4380000000006,2032.7266266666666
2017-11-24,6394.5380000000005,2017,11,24,4,4,0,100.61599999999999,142.684,467.422,1343.5660000000007,2029.8044933333333
2017-11-25,7978.5509999999995,2017,11,25,5,4,1,6394.5380000000005,3958.9320000000002,1365.498,2236.6880000000006,2227.375026666667
2017-11-26,8329.743,2017,11,26,6,4,1,7978.5509999999995,638.462,783.96,2810.9192857142866,2447.8101266666667
2017-11-27,1305.769,2017,11,27,0,4,0,8329.743,3070.333,978.79,3909.6737142857155,2699.3362266666663
2017-11-28,3428.372,2017,11,28,1,4,0,1305.769,1176.891,2899.021,3657.593142857143,2710.2355266666664
2017-11-29,300.592,2017,11,29,2,4,0,3428.372,317.044,131.154,3979.233285714286,2727.8805599999996
2017-11-30,970.142,2017,11,30,3,4,0,300.592,100.61599999999999,159.002,3976.8830000000007,2733.5284933333332
2017-12-01,7365.455,2017,12,1,4,4,0,970.142,6394.5380000000005,3750.4990000000003,4101.101000000001,2760.5664933333333
2017-12-02,4684.616,2017,12,2,5,4,1,7365.455,7978.5509999999995,453.37399999999997,4239.803428571429,2881.065026666666
2017-12-03,5269.816,2017,12,3,6,4,1,4684.616,8329.743,3802.796,3769.2412857142867,3022.1064266666667
2017-12-04,944.2860000000001,2017,12,4,0,4,0,5269.816,1305.769,3888.8179999999998,3332.1088571428577,3071.007093333333
2017-12-05,5138.934,2017,12,5,1,4,0,944.2860000000001,3428.372,4266.8988,3280.4684285714293,2972.856026666667
2017-12-06,2859.974,2017,12,6,2,4,0,5138.934,300.592,773.2560000000001,3524.8344285714297,3001.9238666666665
2017-12-08,4709.095,2017,12,8,4,4,0,2859.974,970.142,3810.464,3890.4604285714295,3071.481133333333
2017-12-09,1855.483,2017,12,9,5,4,1,4709.095,7365.455,993.9000000000001,4424.596571428572,3101.4355
2017-12-10,3453.23,2017,12,10,6,4,1,1855.483,4684.616,479.97,3637.457714285715,3130.1549333333337
2017-12-11,6102.25,2017,12,11,0,4,0,3453.23,5269.816,4723.478,3461.545428571429,3229.2636
2017-12-12,1874.0449999999998,2017,12,12,1,4,0,6102.25,944.2860000000001,4944.296,3580.464571428572,3275.222666666667
2017-12-13,1194.088,2017,12,13,2,4,0,1874.0449999999998,5138.934,4914.938,3713.287285714286,3172.8809666666666
2017-12-14,828.654,2017,12,14,3,4,0,1194.088,2859.974,2945.1380000000004,3149.7378571428576,3048.852633333334
2017-12-15,2637.087,2017,12,15,4,4,0,828.654,4709.095,2774.0620000000004,2859.5492857142863,2978.3031666666666
2017-12-16,628.5419999999999,2017,12,16,5,4,1,2637.087,1855.483,2145.718,2563.5481428571434,2973.737333333333
2017-12-17,12185.134,2017,12,17,6,4,1,628.5419999999999,3453.23,36.72,2388.270857142858,2923.1648
2017-12-18,7051.35,2017,12,18,0,4,0,12185.134,6102.25,142.684,3635.6857142857148,3328.1119333333336
2017-12-19,815.1120000000001,2017,12,19,1,4,0,7051.35,1874.0449999999998,3958.9320000000002,3771.271428571429,3558.4008000000003
2017-12-20,134.54,2017,12,20,2,4,0,815.1120000000001,1194.088,638.462,3619.995285714286,3453.6068000000005
2017-12-22,1043.1280000000002,2017,12,22,4,4,0,134.54,828.654,3070.333,3468.6312857142866,3436.8094
2017-12-23,6965.857,2017,12,23,5,4,1,1043.1280000000002,2637.087,1176.891,3499.270428571429,3369.2358999999997
2017-12-24,1938.26,2017,12,24,6,4,1,6965.857,628.5419999999999,317.044,4117.666142857144,3562.2014333333336
2017-12-25,10488.055,2017,12,25,0,4,0,1938.26,12185.134,100.61599999999999,4304.768714285715,3616.2419666666665
2017-12-26,1829.418,2017,12,26,1,4,0,10488.055,7051.35,6394.5380000000005,4062.3288571428575,3962.4899333333333
2017-12-27,959.4900000000001,2017,12,27,2,4,0,1829.418,815.1120000000001,7978.5509999999995,3316.3385714285723,3810.319266666667
2017-12-29,1277.68,2017,12,29,4,4,0,959.4900000000001,134.54,8329.743,3336.9640000000004,3576.3505666666665
2017-12-30,773.774,2017,12,30,5,4,1,1277.68,1043.1280000000002,1305.769,3500.2697142857146,3341.2818
2017-12-31,731.768,2017,12,31,6,4,1,773.774,6965.857,3428.372,3461.7905714285725,3323.5486333333333
2018-01-01,1481.828,2018,1,1,0,1,0,731.768,1938.26,300.592,2571.206428571429,3233.6618333333336
2018-01-02,2079.554,2018,1,2,1,1,0,1481.828,10488.055,970.142,2506.0018571428577,3273.0363666666667
2018-01-03,2070.272,2018,1,3,2,1,0,2079.554,1829.418,7365.455,1304.7874285714292,3310.016766666667
2018-01-06,33.74,2018,1,6,5,1,1,2070.272,959.4900000000001,4684.616,1339.1951428571433,3133.510666666667
2018-01-07,3395.59,2018,1,7,6,1,1,33.74,1277.68,5269.816,1206.9451428571433,2978.4814666666666
2018-01-08,892.98,2018,1,8,0,1,0,3395.59,773.774,944.2860000000001,1509.5037142857148,2916.007266666667
2018-01-09,274.491,2018,1,9,1,1,0,892.98,731.768,5138.934,1526.5331428571433,2914.2970666666665
2018-01-12,848.52,2018,1,12,4,1,0,274.491,1481.828,2859.974,1461.2078571428574,2752.148966666667
2018-01-13,4619.33,2018,1,13,5,1,1,848.52,2079.554,4709.095,1370.7352857142862,2685.1005
2018-01-14,697.338,2018,1,14,6,1,1,4619.33,2070.272,1855.483,1733.560428571429,2682.108333333333
2018-01-15,2140.28,2018,1,15,0,1,0,697.338,33.74,3453.23,1537.4270000000004,2643.5035
2018-01-16,6230.2919999999995,2018,1,16,1,1,0,2140.28,3395.59,6102.25,1838.3612857142864,2599.7385
2018-01-19,2013.7150000000001,2018,1,19,4,1,0,6230.2919999999995,892.98,1874.0449999999998,2243.3187142857146,2604.0065666666665
2018-01-20,767.838,2018,1,20,5,1,1,2013.7150000000001,274.491,1194.088,2403.423714285715,2608.6622333333335
2018-01-21,2546.643,2018,1,21,6,1,1,767.838,848.52,828.654,2473.9018571428574,2594.4539
2018-01-22,4212.372,2018,1,22,0,1,0,2546.643,4619.33,2637.087,2716.4908571428573,2651.7202
2018-01-23,450.334,2018,1,23,1,1,0,4212.372,697.338,628.5419999999999,2658.3540000000003,2704.2297000000003
2018-01-24,418.666,2018,1,24,2,1,0,450.334,2140.28,12185.134,2623.0677142857153,2698.2894333333334
2018-01-26,3055.2799999999997,2018,1,26,4,1,0,418.666,6230.2919999999995,7051.35,2377.122857142858,2306.0738333333334
2018-01-27,331.914,2018,1,27,5,1,1,3055.2799999999997,2013.7150000000001,815.1120000000001,1923.5497142857148,2172.8715
2018-01-28,1007.52,2018,1,28,6,1,1,331.914,767.838,134.54,1683.2924285714291,2156.7649
2018-01-29,158.642,2018,1,29,0,1,0,1007.52,2546.643,1043.1280000000002,1717.5327142857147,2185.8642333333332
2018-01-30,3749.335,2018,1,30,1,1,0,158.642,4212.372,6965.857,1376.3897142857147,2156.3813666666665
2018-02-02,913.354,2018,2,2,4,1,0,3749.335,450.334,1938.26,1310.241571428572,2049.1639666666665
2018-02-03,922.327,2018,2,3,5,1,1,913.354,418.666,10488.055,1376.3872857142862,2015.0004333333334
2018-02-04,32.67,2018,2,4,6,1,1,922.327,3055.2799999999997,1829.418,1448.3388571428575,1696.142833333333
2018-02-05,2263.0119999999997,2018,2,5,0,1,0,32.67,331.914,959.4900000000001,1016.537428571429,1636.2512333333334
2018-02-06,904.354,2018,2,6,1,1,0,2263.0119999999997,1007.52,1277.68,1292.408571428572,1679.7019666666665
2018-02-09,773.764,2018,2,9,4,1,0,904.354,158.642,773.774,1277.670571428572,1667.2577666666664
2018-02-10,227.103,2018,2,10,5,1,1,773.764,3749.335,731.768,1365.5451428571434,1667.2574333333332
2018-02-11,1241.516,2018,2,11,6,1,1,227.103,913.354,1481.828,862.3691428571434,1650.4352666666668
2018-02-13,1058.43,2018,2,13,1,1,0,1241.516,922.327,2079.554,909.249428571429,1642.4248666666667
2018-02-16,1337.442,2018,2,16,4,1,0,1058.43,32.67,2070.272,928.6927142857148,1608.3873999999998
2018-02-17,2964.8174,2018,2,17,5,1,1,1337.442,2263.0119999999997,33.74,1115.0887142857148,1583.9597333333334
2018-02-18,287.326,2018,2,18,6,1,1,2964.8174,904.354,3395.59,1215.3466285714292,1681.6623133333335
2018-02-19,1314.59,2018,2,19,0,1,0,287.326,773.764,892.98,1127.199771428572,1578.0535133333333
2018-02-20,1150.29,2018,2,20,1,1,0,1314.59,227.103,274.491,1204.460628571429,1592.10718
2018-02-21,47.904,2018,2,21,2,1,0,1150.29,1241.516,848.52,1336.344485714286,1621.30048
2018-02-23,117.79999999999998,2018,2,23,4,1,0,47.904,1058.43,4619.33,1165.828485714286,1594.61328
2018-02-24,1448.676,2018,2,24,5,1,1,117.79999999999998,1337.442,697.338,1031.4527714285719,1444.5622799999999
2018-02-25,430.49199999999996,2018,2,25,6,1,1,1448.676,2964.8174,2140.28,1047.3433428571432,1469.6068799999998
2018-02-26,2467.51,2018,2,26,0,1,0,430.49199999999996,287.326,6230.2919999999995,685.2968571428576,1412.6139466666668
2018-02-28,17.62,2018,2,28,2,1,0,2467.51,1314.59,2013.7150000000001,996.7517142857148,1287.18788
2018-03-02,1450.126,2018,3,2,4,1,0,17.62,1150.29,767.838,811.4702857142862,1220.65138
2018-03-03,2000.104,2018,3,3,5,1,1,1450.126,47.904,2546.643,854.3040000000004,1243.3943133333332
2018-03-04,228.822,2018,3,4,6,1,1,2000.104,117.79999999999998,4212.372,1133.1897142857147,1225.1763466666666
2018-03-05,1240.02,2018,3,5,0,1,0,228.822,1448.676,450.334,1149.0500000000004,1092.3913466666665
2018-03-06,778.236,2018,3,6,1,1,0,1240.02,430.49199999999996,418.666,1119.2420000000004,1118.7142133333332
2018-03-07,166.59,2018,3,7,2,1,0,778.236,2467.51,3055.2799999999997,1168.919714285715,1130.6998800000001
2018-03-08,843.1,2018,3,8,3,1,0,166.59,17.62,331.914,840.2168571428576,1034.4102133333333
2018-03-09,710.804,2018,3,9,4,1,0,843.1,1450.126,1007.52,958.1425714285721,1051.4497466666667
2018-03-10,1252.952,2018,3,10,5,1,1,710.804,2000.104,158.642,852.5251428571434,1041.5592133333332
2018-03-11,1973.708,2018,3,11,6,1,1,1252.952,228.822,3749.335,745.7891428571435,1078.0362133333333
2018-03-12,353.28,2018,3,12,0,1,0,1973.708,1240.02,913.354,995.0585714285719,1018.8486466666667
2018-03-13,4791.35,2018,3,13,1,1,0,353.28,778.236,922.327,868.3814285714291,1000.1795133333333
2018-03-14,49.616,2018,3,14,2,1,0,4791.35,166.59,32.67,1441.683428571429,1129.1469466666667
2018-03-16,2014.3809999999999,2018,3,16,4,1,0,49.616,843.1,2263.0119999999997,1424.972857142858,1129.7118133333336
2018-03-17,542.746,2018,3,17,5,1,1,2014.3809999999999,710.804,904.354,1592.2987142857148,1121.4241133333333
2018-03-18,1027.758,2018,3,18,6,1,1,542.746,1252.952,773.764,1568.290428571429,1109.3705133333335
2018-03-19,2157.308,2018,3,19,0,1,0,1027.758,1973.708,227.103,1536.1198571428577,1117.83698
2018-03-20,899.568,2018,3,20,1,1,0,2157.308,353.28,1241.516,1562.3484285714292,1182.1771466666664
2018-03-21,3332.6360000000004,2018,3,21,2,1,0,899.568,4791.35,1058.43,1640.389571428572,1170.77888
2018-03-23,14816.068,2018,3,23,4,1,0,3332.6360000000004,49.616,1337.442,1432.0018571428577,1246.5857466666669
2018-03-24,1257.298,2018,3,24,5,1,1,14816.068,2014.3809999999999,2964.8174,3541.4950000000003,1695.8732799999998
2018-03-25,3567.026,2018,3,25,6,1,1,1257.298,542.746,287.326,3433.340285714286,1638.9559666666667
2018-03-26,3252.88,2018,3,26,0,1,0,3567.026,1027.758,1314.59,3865.3802857142864,1748.2792999999997
2018-03-27,2933.516,2018,3,27,1,1,0,3252.88,2157.308,1150.29,4183.254857142858,1812.8889666666666
2018-03-28,1504.702,2018,3,28,2,1,0,2933.516,899.568,47.904,4294.141714285715,1872.3298333333332
2018-03-29,81.4,2018,3,29,3,1,0,1504.702,3332.6360000000004,117.79999999999998,4380.589428571429,1920.8897666666667
2018-03-30,656.407,2018,3,30,4,1,0,81.4,14816.068,1448.676,3916.127142857143,1919.6764333333333
2018-03-31,4981.0108,2018,3,31,5,1,1,656.407,1257.298,430.49199999999996,1893.318428571429,1893.267466666667
2018-04-01,5972.988000000001,2018,4,1,6,2,1,4981.0108,3567.026,2467.51,2425.2774,2044.9514266666665
2018-04-02,822.97,2018,4,2,0,2,0,5972.988000000001,3252.88,17.62,2768.986257142858,2161.800693333333
2018-04-03,32.528,2018,4,3,1,2,0,822.97,2933.516,1450.126,2421.856257142858,2188.6456933333334
2018-04-04,808.47,2018,4,4,2,2,0,32.528,1504.702,2000.104,2007.4294000000007,2141.392426666667
2018-04-06,114.41999999999999,2018,4,6,4,2,0,808.47,81.4,228.822,1907.9676857142863,2101.6712933333333
2018-04-07,1971.2905,2018,4,7,5,2,1,114.41999999999999,656.407,1240.02,1912.6848285714293,2097.8578933333333
2018-04-08,6401.93,2018,4,8,6,2,1,1971.2905,4981.0108,778.236,2100.5253285714293,2122.2335766666665
2018-04-09,1626.71,2018,4,9,0,2,0,6401.93,5972.988000000001,166.59,2303.5137857142863,2309.6900433333335
2018-04-10,755.529,2018,4,10,1,2,0,1626.71,822.97,843.1,1682.6169285714293,2358.3607100000004
2018-04-11,319.806,2018,4,11,2,2,0,755.529,32.528,710.804,1672.9825000000005,2355.441676666667
2018-04-12,69.66,2018,4,12,3,2,0,319.806,808.47,1252.952,1714.0222142857149,2342.4084099999995
2018-04-13,1345.824,2018,4,13,4,2,0,69.66,114.41999999999999,1973.708,1608.477928571429,2302.9653433333337
2018-04-14,652.93,2018,4,14,5,2,1,1345.824,1971.2905,353.28,1784.3927857142862,2282.035876666667
2018-04-15,332.33799999999997,2018,4,15,6,2,1,652.93,6401.93,4791.35,1596.0555714285722,2292.02421
2018-04-16,944.429,2018,4,16,0,2,0,332.33799999999997,1626.71,49.616,728.9710000000005,2143.3904766666665
2018-04-17,3431.459,2018,4,17,1,2,0,944.429,755.529,2014.3809999999999,631.5022857142861,2173.217576666667
2018-04-20,1053.614,2018,4,20,4,2,0,3431.459,319.806,542.746,1013.7780000000005,2220.45351
2018-04-21,1254.564,2018,4,21,5,2,1,1053.614,69.66,1027.758,1118.6077142857148,2237.4824433333333
2018-04-22,947.692,2018,4,22,6,2,1,1254.564,1345.824,2157.308,1287.8797142857147,2245.042643333333
2018-04-23,1199.222,2018,4,23,0,2,0,947.692,652.93,899.568,1231.0037142857148,2204.72211
2018-04-24,928.558,2018,4,24,1,2,0,1199.222,332.33799999999997,3332.6360000000004,1309.045428571429,2214.7105766666664
2018-04-25,678.1129999999999,2018,4,25,2,2,0,928.558,944.429,14816.068,1394.2197142857149,2134.5746433333334
2018-04-26,61.608000000000004,2018,4,26,3,2,0,678.1129999999999,3431.459,1257.298,1356.1745714285719,1663.3094766666668
2018-04-27,576.5756,2018,4,27,4,2,0,61.608000000000004,1053.614,3567.026,874.7672857142861,1623.4531433333334
2018-04-28,795.296,2018,4,28,5,2,1,576.5756,1254.564,3252.88,806.6189428571433,1523.7714633333335
2018-04-29,1053.26,2018,4,29,6,2,1,795.296,947.692,2933.516,741.009228571429,1441.8519966666668
2018-04-30,1390.126,2018,4,30,0,2,0,1053.26,1199.222,1504.702,756.090371428572,1379.1767966666669
2018-05-01,4108.37,2018,5,1,1,2,0,1390.126,928.558,81.4,783.3623714285719,1375.3575966666665
2018-05-02,399.11,2018,5,2,2,2,0,4108.37,678.1129999999999,656.407,1237.621228571429,1509.5899300000003
2018-05-03,1386.346,2018,5,3,3,2,0,399.11,61.608000000000004,4981.0108,1197.7636571428575,1501.0133633333332
2018-05-04,1146.2450000000001,2018,5,4,4,2,0,1386.346,576.5756,5972.988000000001,1387.0119428571431,1381.1912033333333
2018-05-05,185.123,2018,5,5,5,2,1,1146.2450000000001,795.296,822.97,1468.393285714286,1220.29977
2018-05-06,2991.4017999999996,2018,5,6,6,2,1,185.123,1053.26,32.528,1381.2257142857145,1199.0382033333335
2018-05-07,2549.468,2018,5,7,0,2,0,2991.4017999999996,1390.126,808.47,1658.1031142857148,1297.66733
2018-05-08,3658.5540000000005,2018,5,8,1,2,0,2549.468,4108.37,114.41999999999999,1823.7234000000005,1355.7005966666666
2018-05-09,1078.222,2018,5,9,2,2,0,3658.5540000000005,399.11,1971.2905,1759.4639714285718,1473.8383966666665
2018-05-11,449.469,2018,5,11,4,2,0,1078.222,1386.346,6401.93,1856.4799714285716,1444.0694466666669
2018-05-12,970.384,2018,5,12,5,2,1,449.469,1146.2450000000001,1626.71,1722.6404000000005,1245.65408
2018-05-13,3066.378,2018,5,13,6,2,1,970.384,185.123,755.529,1697.5174000000004,1223.7765466666667
2018-05-14,4182.062,2018,5,14,0,2,0,3066.378,2991.4017999999996,319.806,2109.125257142857,1300.8048466666667
2018-05-15,421.264,2018,5,15,1,2,0,4182.062,2549.468,69.66,2279.219571428572,1429.5467133333334
2018-05-16,221.024,2018,5,16,2,2,0,421.264,3658.5540000000005,1345.824,1975.1904285714293,1441.2668466666667
2018-05-18,1830.508,2018,5,18,4,2,0,221.024,1078.222,652.93,1484.1147142857146,1403.7735133333333
2018-05-19,4919.182,2018,5,19,5,2,1,1830.508,449.469,332.33799999999997,1591.5841428571432,1443.0261133333333
2018-05-20,2997.578,2018,5,20,6,2,1,4919.182,970.384,944.429,2230.1145714285717,1595.9209133333336
2018-05-21,538.02,2018,5,21,0,2,0,2997.578,3066.378,3431.459,2519.7137142857146,1664.3592133333334
2018-05-22,336.56199999999995,2018,5,22,1,2,0,538.02,4182.062,1053.614,2158.5197142857146,1567.9112466666666
2018-05-23,241.436,2018,5,23,2,2,0,336.56199999999995,421.264,1254.564,1609.1625714285717,1544.0095133333334
2018-05-25,886.0260000000001,2018,5,25,4,2,0,241.436,221.024,947.692,1583.4728571428575,1510.23858
2018-05-26,270.24,2018,5,26,5,2,1,886.0260000000001,1830.508,1199.222,1678.473142857143,1508.1830466666665
2018-05-27,2084.908,2018,5,27,6,2,1,270.24,4919.182,928.558,1455.5777142857146,1477.2169800000001
2018-05-28,1480.103,2018,5,28,0,2,0,2084.908,2997.578,678.1129999999999,1050.6814285714288,1515.76198
2018-05-29,691.108,2018,5,29,1,2,0,1480.103,538.02,61.608000000000004,833.8992857142863,1542.49498
2018-05-30,736.8904,2018,5,30,2,2,0,691.108,336.56199999999995,576.5756,855.7690000000003,1563.4783133333333
2018-06-01,586.042,2018,6,1,4,2,0,736.8904,241.436,795.296,912.9587714285718,1568.82214
2018-06-02,135.70600000000002,2018,6,2,5,2,1,586.042,886.0260000000001,1053.26,962.1882000000005,1561.8470066666666
2018-06-03,2952.036,2018,6,3,6,2,1,135.70600000000002,270.24,1390.126,854.9996285714288,1531.2618733333331
2018-06-04,279.414,2018,6,4,0,2,0,2952.036,2084.908,4108.37,1238.1133428571432,1583.32554
2018-06-05,491.11199999999997,2018,6,5,1,2,0,279.414,1480.103,399.11,980.1856285714291,1455.6936733333334
2018-06-06,31.349999999999998,2018,6,6,2,2,0,491.11199999999997,691.108,1386.346,838.9012000000004,1458.7604066666668
2018-06-08,2227.038,2018,6,8,4,2,0,31.349999999999998,736.8904,1146.2450000000001,744.6500571428576,1413.5938733333335
2018-06-09,939.1329999999999,2018,6,9,5,2,1,2227.038,586.042,185.123,957.528285714286,1449.6203066666667
2018-06-10,2513.343,2018,6,10,6,2,1,939.1329999999999,135.70600000000002,2991.4017999999996,1007.9698571428574,1474.753973333333
2018-06-11,1580.894,2018,6,11,0,2,0,2513.343,2952.036,2549.468,1347.632285714286,1458.8186799999999
2018-06-12,1679.968,2018,6,12,1,2,0,1580.894,279.414,3658.5540000000005,1151.7548571428574,1426.53288
2018-06-13,1156.018,2018,6,13,2,2,0,1679.968,491.11199999999997,1078.222,1351.8340000000003,1360.5800133333332
2018-06-15,4057.5099999999998,2018,6,15,4,2,0,1156.018,31.349999999999998,449.469,1446.8205714285718,1363.1732133333333
2018-06-16,2724.194,2018,6,16,5,2,1,4057.5099999999998,2227.038,970.384,2021.986285714286,1483.4412466666665
2018-06-17,3896.672,2018,6,17,6,2,1,2724.194,939.1329999999999,3066.378,2093.0085714285715,1541.9015800000002
2018-06-18,1031.1555,2018,6,18,0,2,0,3896.672,2513.343,4182.062,2515.5141428571433,1569.5780466666665
2018-06-19,1900.193,2018,6,19,1,2,0,1031.1555,1580.894,421.264,2303.773071428572,1464.54783
2018-06-20,1028.228,2018,6,20,2,2,0,1900.193,1679.968,221.024,2349.3872142857144,1513.8454633333333
2018-06-21,595.656,2018,6,21,3,2,0,1028.228,1156.018,1830.508,2256.2815000000005,1540.7522633333333
2018-06-22,579.019,2018,6,22,4,2,0,595.656,4057.5099999999998,4919.182,2176.229785714286,1499.59053
2018-06-24,1184.684,2018,6,24,6,2,1,579.019,2724.194,2997.578,1679.3025000000005,1354.91843
2018-06-25,1508.3519999999999,2018,6,25,0,2,0,1184.684,3896.672,538.02,1459.3725000000002,1294.4886299999998
2018-06-26,4224.136,2018,6,26,1,2,0,1508.3519999999999,1031.1555,336.56199999999995,1118.1839285714289,1326.83303
2018-06-27,1644.906,2018,6,27,2,2,0,4224.136,1900.193,241.436,1574.3240000000005,1456.4188299999998
2018-06-29,4521.9912,2018,6,29,4,2,0,1644.906,1028.228,886.0260000000001,1537.854428571429,1503.2011633333334
2018-06-30,4721.977,2018,6,30,5,2,1,4521.9912,595.656,270.24,2036.9634571428576,1624.4000033333334
2018-07-01,639.83,2018,7,1,6,3,1,4721.977,579.019,2084.908,2626.437885714286,1772.7912366666667
2018-07-02,169.192,2018,7,2,0,3,0,639.83,1184.684,1480.103,2635.125171428572,1724.6219700000001
2018-07-03,6963.4039999999995,2018,7,3,1,3,0,169.192,1508.3519999999999,691.108,2490.0548857142862,1680.9249366666666
2018-07-05,476.354,2018,7,5,3,3,0,6963.4039999999995,4224.136,736.8904,3269.348028571429,1890.00147
2018-07-06,380.378,2018,7,6,4,3,0,476.354,1644.906,586.042,2733.9506000000006,1881.3169233333333
2018-07-07,1620.25,2018,7,7,5,3,1,380.378,4521.9912,135.70600000000002,2553.3037428571433,1874.4614566666667
2018-07-08,1980.2640000000001,2018,7,8,6,3,1,1620.25,4721.977,2952.036,2138.769285714286,1923.9462566666666
2018-07-09,1671.214,2018,7,9,0,3,0,1980.2640000000001,639.83,279.414,1747.0960000000002,1891.5538566666667
2018-07-10,359.214,2018,7,10,1,3,0,1671.214,169.192,491.11199999999997,1894.4365714285718,1937.9471899999999
2018-07-11,1728.892,2018,7,11,2,3,0,359.214,6963.4039999999995,31.349999999999998,1921.5825714285716,1933.5505899999998
2018-07-12,3.816,2018,7,12,3,3,0,1728.892,476.354,2227.038,1173.7951428571432,1990.1353233333332
2018-07-13,504.542,2018,7,13,4,3,0,3.816,380.378,939.1329999999999,1106.2897142857146,1916.0279233333333
2018-07-14,3598.9339999999997,2018,7,14,5,3,1,504.542,1620.25,2513.343,1124.027428571429,1901.5415566666668
2018-07-15,2132.229,2018,7,15,6,3,1,3598.9339999999997,1980.2640000000001,1580.894,1406.6965714285718,1937.7279233333334
2018-07-16,74.284,2018,7,16,0,3,0,2132.229,1671.214,1679.968,1428.4058571428575,1956.1057566666668
2018-07-17,2191.873,2018,7,17,1,3,0,74.284,359.214,1156.018,1200.2730000000004,1902.5829566666666
2018-07-18,2106.794,2018,7,18,2,3,0,2191.873,1728.892,4057.5099999999998,1462.0814285714291,1937.1114566666665
2018-07-20,2283.208,2018,7,20,4,3,0,2106.794,3.816,2724.194,1516.0674285714288,1872.08759
2018-07-21,3683.832,2018,7,21,5,3,1,2283.208,504.542,3896.672,1841.6948571428572,1857.3880566666667
2018-07-22,556.3140000000001,2018,7,22,6,3,1,3683.832,3598.9339999999997,1031.1555,2295.879142857143,1850.2933899999998
2018-07-23,898.188,2018,7,23,0,3,0,556.3140000000001,2132.229,1900.193,1861.2191428571434,1834.46534
2018-07-24,2399.96,2018,7,24,1,3,0,898.188,74.284,1028.228,1684.927571428572,1801.0651733333332
2018-07-25,798.742,2018,7,25,2,3,0,2399.96,2191.873,595.656,2017.1670000000001,1846.7895733333332
2018-07-26,2012.3020000000001,2018,7,26,3,3,0,798.742,2106.794,579.019,1818.148285714286,1853.5591066666668
2018-07-27,947.8319999999999,2018,7,27,4,3,0,2012.3020000000001,2283.208,1184.684,1804.6494285714289,1901.3352066666666
2018-07-28,1170.5639999999999,2018,7,28,5,3,1,947.8319999999999,3683.832,1508.3519999999999,1613.8814285714288,1893.44014
2018-07-29,1391.294,2018,7,29,6,3,1,1170.5639999999999,556.3140000000001,4224.136,1254.8431428571432,1882.18054
2018-07-30,523.376,2018,7,30,0,3,0,1391.294,898.188,1644.906,1374.1260000000002,1787.7524733333332
2018-07-31,1558.028,2018,7,31,1,3,0,523.376,2399.96,4521.9912,1320.581428571429,1750.3681399999998
2018-08-01,2085.65,2018,8,1,2,3,0,1558.028,798.742,4721.977,1200.305428571429,1651.5693666666666
2018-08-03,514.828,2018,8,3,4,3,0,2085.65,2012.3020000000001,639.83,1384.1494285714289,1563.6918
2018-08-04,20.07,2018,8,4,5,3,1,514.828,947.8319999999999,169.192,1170.2245714285716,1559.5250666666664
2018-08-05,503.676,2018,8,5,6,3,1,20.07,1170.5639999999999,6963.4039999999995,1037.6871428571433,1554.5543333333333
2018-08-06,1424.026,2018,8,6,0,3,0,503.676,1391.294,476.354,942.4174285714289,1339.2300666666665
2018-08-07,3479.624,2018,8,7,1,3,0,1424.026,523.376,380.378,947.093428571429,1370.8191333333334
2018-08-10,1823.0700000000002,2018,8,10,4,3,0,3479.624,1558.028,1620.25,1369.4145714285717,1474.1273333333334
2018-08-11,708.726,2018,8,11,5,3,1,1823.0700000000002,2085.65,1980.2640000000001,1407.2777142857146,1480.888
2018-08-12,3693.0840000000003,2018,8,12,6,3,1,708.726,514.828,1671.214,1210.5742857142861,1438.5034
2018-08-13,2643.164,2018,8,13,0,3,0,3693.0840000000003,20.07,359.214,1664.6108571428576,1505.8990666666666
2018-08-14,440.736,2018,8,14,1,3,0,2643.164,503.676,1728.892,2039.338571428572,1582.0307333333333
2018-08-15,1949.872,2018,8,15,2,3,0,440.736,1424.026,3.816,2030.3471428571431,1539.0921999999998
2018-08-16,80.564,2018,8,16,3,3,0,1949.872,3479.624,504.542,2105.4680000000003,1603.9607333333333
2018-08-17,9517.288,2018,8,17,4,3,0,80.564,1823.0700000000002,3598.9339999999997,1619.8880000000006,1589.8281333333332
2018-08-18,7078.484,2018,8,18,5,3,1,9517.288,708.726,2132.229,2719.062000000001,1787.1065999999998
2018-08-19,512.446,2018,8,19,6,3,1,7078.484,3693.0840000000003,74.284,3629.0274285714295,1951.9817666666668
2018-08-20,692.95,2018,8,20,0,3,0,512.446,2643.164,2191.873,3174.6505714285718,1966.5871666666667
2018-08-21,8284.534,2018,8,21,1,3,0,692.95,440.736,2106.794,2896.048571428572,1916.6230666666668
2018-08-22,524.54,2018,8,22,2,3,0,8284.534,1949.872,2283.208,4016.591142857144,2122.5477333333333
2018-08-23,4590.343999999999,2018,8,23,3,3,0,524.54,80.564,3683.832,3812.9722857142865,2063.9254666666666
2018-08-24,685.056,2018,8,24,4,3,0,4590.343999999999,9517.288,556.3140000000001,4457.226571428572,2094.142533333333
2018-08-25,361.988,2018,8,25,5,3,1,685.056,7078.484,898.188,3195.4791428571434,2098.4339333333332
2018-08-26,190.66,2018,8,26,6,3,1,361.988,512.446,2399.96,2235.9797142857146,2080.5606000000002
2018-08-27,6190.538,2018,8,27,0,3,0,190.66,692.95,798.742,2190.010285714286,2006.9172666666666
2018-08-28,1443.6319999999998,2018,8,28,1,3,0,6190.538,8284.534,2012.3020000000001,2975.3800000000006,2186.6438
2018-08-29,235.46800000000002,2018,8,29,2,3,0,1443.6319999999998,524.54,947.8319999999999,1998.108285714286,2167.6881333333336
2018-08-31,3162.83,2018,8,31,4,3,0,235.46800000000002,4590.343999999999,1170.5639999999999,1956.812285714286,2143.942666666667
2018-09-01,1261.81,2018,9,1,5,3,1,3162.83,685.056,1391.294,1752.881714285715,2210.3515333333335
2018-09-02,8652.334,2018,9,2,6,3,1,1261.81,361.988,523.376,1835.2751428571432,2206.0354
2018-09-03,1595.8490000000002,2018,9,3,0,3,0,8652.334,190.66,1558.028,3019.6102857142864,2477.0006666666663
2018-09-04,5360.202,2018,9,4,1,3,0,1595.8490000000002,6190.538,2085.65,3220.351571428572,2478.2613666666666
2018-09-05,327.044,2018,9,5,2,3,0,5360.202,1443.6319999999998,514.828,3101.7321428571436,2587.4130999999998
2018-09-07,3848.565,2018,9,7,4,3,0,327.044,235.46800000000002,20.07,2942.219571428572,2581.1536333333333
2018-09-08,2184.327,2018,9,8,5,3,1,3848.565,3162.83,503.676,3458.3762857142865,2708.770133333333
2018-09-09,4356.061,2018,9,9,6,3,1,2184.327,1261.81,1424.026,3318.5901428571437,2764.7918333333337
2018-09-10,2506.646,2018,9,10,0,3,0,4356.061,8652.334,3479.624,3760.6260000000007,2862.5263333333337
2018-09-11,5564.006,2018,9,11,1,3,0,2506.646,1595.8490000000002,1823.0700000000002,2882.6705714285717,2830.093733333333
2018-09-12,491.55,2018,9,12,2,3,0,5564.006,5360.202,708.726,3449.5501428571433,2954.7916
2018-09-13,15.92,2018,9,13,3,3,0,491.55,327.044,3693.0840000000003,2754.0284285714292,2947.5524000000005
2018-09-14,3471.403,2018,9,14,4,3,0,15.92,3848.565,2643.164,2709.5821428571435,2824.980266666667
2018-09-15,7285.026,2018,9,15,5,3,1,3471.403,2184.327,440.736,2655.7018571428575,2852.5882333333334
2018-09-16,831.65,2018,9,16,6,3,1,7285.026,4356.061,1949.872,3384.373142857143,3080.731233333333
2018-09-17,4979.226000000001,2018,9,17,0,3,0,831.65,2506.646,80.564,2880.8858571428573,3043.4571666666666
2018-09-18,1511.93,2018,9,18,1,3,0,4979.226000000001,5564.006,9517.288,3234.111571428572,3206.7459
2018-09-19,1648.188,2018,9,19,2,3,0,1511.93,491.55,7078.484,2655.2435714285716,2939.900633333333
2018-09-20,7359.918000000001,2018,9,20,3,3,0,1648.188,15.92,512.446,2820.477571428572,2758.8907666666664
2018-09-21,338.172,2018,9,21,4,3,0,7359.918000000001,3471.403,692.95,3869.6201428571435,2987.1398333333336
2018-09-22,7871.213,2018,9,22,5,3,1,338.172,7285.026,8284.534,3422.0157142857147,2975.3139
2018-09-23,2395.786,2018,9,23,6,3,1,7871.213,831.65,524.54,3505.7567142857147,2961.5365333333334
2018-09-24,6450.462,2018,9,24,0,3,0,2395.786,4979.226000000001,4590.343999999999,3729.204714285715,3023.9114
2018-09-25,1412.213,2018,9,25,1,3,0,6450.462,1511.93,685.056,3939.381285714286,3085.9153333333334
2018-09-26,1486.576,2018,9,26,2,3,0,1412.213,1648.188,361.988,3925.136000000001,3110.1539
2018-09-28,559.271,2018,9,28,4,3,0,1486.576,7359.918000000001,190.66,3902.048571428572,3147.6401666666666
2018-09-29,1846.78,2018,9,29,5,3,1,559.271,338.172,6190.538,2930.5275714285717,3159.9272
2018-09-30,540.76,2018,9,30,6,3,1,1846.78,7871.213,1443.6319999999998,3146.0430000000006,3015.1352666666667
2018-10-01,2978.4660000000003,2018,10,1,0,4,0,540.76,2395.786,235.46800000000002,2098.835428571429,2985.0395333333336
2018-10-02,5418.022,2018,10,2,1,4,0,2978.4660000000003,6450.462,3162.83,2182.0754285714293,3076.4728
2018-10-03,2504.48,2018,10,3,2,4,0,5418.022,1412.213,1261.81,2034.5840000000005,3151.6458666666667
2018-10-04,19.98,2018,10,4,3,4,0,2504.48,1486.576,8652.334,2190.6221428571434,3193.0682
2018-10-05,6684.616,2018,10,5,4,4,0,19.98,559.271,1595.8490000000002,1981.1084285714292,2905.3230666666664
2018-10-06,1180.82,2018,10,6,5,4,1,6684.616,1846.78,5360.202,2856.1577142857145,3074.9486333333334
2018-10-07,2749.21,2018,10,7,6,4,1,1180.82,540.76,327.044,2761.020571428572,2935.6359
2018-10-08,608.356,2018,10,8,0,4,0,2749.21,2978.4660000000003,3848.565,3076.5134285714294,3016.374766666667
2018-10-09,1496.589,2018,10,9,1,4,0,608.356,5418.022,2184.327,2737.926285714286,2908.3678
2018-10-10,239.358,2018,10,10,2,4,0,1496.589,2504.48,4356.061,2177.7215714285717,2885.4432
2018-10-12,5625.394,2018,10,12,4,4,0,239.358,19.98,2506.646,1854.1327142857149,2748.2197666666666
2018-10-13,8405.802,2018,10,13,5,4,1,5625.394,6684.616,5564.006,2654.9061428571435,2852.178033333333
2018-10-14,134.332,2018,10,14,6,4,1,8405.802,1180.82,491.55,2900.7898571428573,2946.9045666666666
2018-10-15,1017.94,2018,10,15,0,4,0,134.332,2749.21,15.92,2751.2915714285714,2934.9973
2018-10-16,3473.5969999999998,2018,10,16,1,4,0,1017.94,608.356,3471.403,2503.9672857142864,2968.3979666666664
2018-10-17,126.352,2018,10,17,2,4,0,3473.5969999999998,1496.589,7285.026,2913.287428571429,2968.4711
2018-10-19,2781.8702000000003,2018,10,19,4,4,0,126.352,239.358,831.65,2717.5392857142865,2729.8486333333335
2018-10-20,1333.858,2018,10,20,5,4,1,2781.8702000000003,5625.394,4979.226000000001,3080.7553142857146,2794.855973333333
2018-10-21,4537.201,2018,10,21,6,4,1,1333.858,8405.802,1511.93,2467.6787428571433,2673.3437066666665
2018-10-22,15158.877,2018,10,22,0,4,0,4537.201,134.332,1648.188,1915.0214571428576,2774.186073333333
2018-10-23,3352.3940000000002,2018,10,23,1,4,0,15158.877,1017.94,7359.918000000001,4061.385028571429,3224.542373333333
2018-10-24,529.0849999999999,2018,10,24,2,4,0,3352.3940000000002,3473.5969999999998,338.172,4394.878457142858,3090.95824
2018-10-26,999.8679999999999,2018,10,26,4,4,0,529.0849999999999,126.352,7871.213,3974.2338857142863,3097.3220066666668
2018-10-27,1086.32,2018,10,27,5,4,1,999.8679999999999,2781.8702000000003,2395.786,4099.021885714286,2868.2771733333334
2018-10-28,408.726,2018,10,28,6,4,1,1086.32,1333.858,6450.462,3856.800428571429,2824.6283066666665
2018-10-29,46.96,2018,10,29,0,4,0,408.726,4537.201,1412.213,3724.6387142857143,2623.2371066666665
2018-10-30,4025.73,2018,10,30,1,4,0,46.96,15158.877,1486.576,3083.1757142857155,2577.7286733333335
2018-10-31,523.928,2018,10,31,2,4,0,4025.73,3352.3940000000002,559.271,1492.7261428571435,2662.3671400000003
2018-11-01,2921.43,2018,11,1,3,4,0,523.928,529.0849999999999,1846.78,1088.659571428572,2661.1890399999997
2018-11-02,6294.386,2018,11,2,4,4,0,2921.43,999.8679999999999,540.76,1430.4231428571434,2697.0107066666665
2018-11-03,4536.937,2018,11,3,5,4,1,6294.386,1086.32,2978.4660000000003,2186.7828571428577,2888.7982400000005
2018-11-04,10668.096,2018,11,4,6,4,1,4536.937,408.726,5418.022,2679.728142857143,2940.7472733333334
2018-11-05,2355.064,2018,11,5,0,4,0,10668.096,46.96,2504.48,4145.352428571429,3115.74974
2018-11-06,4288.75,2018,11,6,1,4,0,2355.064,4025.73,19.98,4475.081571428572,3110.7692066666664
2018-11-07,2413.378,2018,11,7,2,4,0,4288.75,523.928,6684.616,4512.655857142857,3253.06154
2018-11-08,384.1,2018,11,8,3,4,0,2413.378,2921.43,1180.82,4782.5772857142865,3110.68694
2018-11-09,4751.492,2018,11,9,4,4,0,384.1,6294.386,2749.21,4420.101571428572,3084.129606666667
2018-11-10,4007.5480000000002,2018,11,10,5,4,1,4751.492,4536.937,608.356,4199.688142857143,3150.8723400000003
2018-11-11,1815.2179999999998,2018,11,11,6,4,1,4007.5480000000002,10668.096,1496.589,4124.061142857144,3264.1787400000003
2018-11-12,2911.386,2018,11,12,0,4,0,1815.2179999999998,2355.064,239.358,2859.3642857142863,3274.7997066666667
2018-11-13,6633.4202000000005,2018,11,13,1,4,0,2911.386,4288.75,5625.394,2938.838857142858,3363.867306666667
2018-11-14,834.6579999999999,2018,11,14,2,4,0,6633.4202000000005,2413.378,8405.802,3273.791742857143,3397.4681800000003
2018-11-15,559.2,2018,11,15,3,4,0,834.6579999999999,384.1,134.332,3048.2603142857147,3145.096713333333
2018-11-16,4755.234,2018,11,16,4,4,0,559.2,4751.492,1017.94,3073.2746000000006,3159.25898
2018-11-17,13408.7928,2018,11,17,5,4,1,4755.234,4007.5480000000002,3473.5969999999998,3073.809171428572,3283.8354466666665
2018-11-18,1469.756,2018,11,18,6,4,1,13408.7928,1815.2179999999998,126.352,4416.844142857143,3615.00864
2018-11-19,7397.272,2018,11,19,0,4,0,1469.756,2911.386,2781.8702000000003,4367.492428571429,3659.7887733333337
2018-11-20,2988.2740000000003,2018,11,20,1,4,0,7397.272,6633.4202000000005,1333.858,5008.333285714287,3813.6355
2018-11-21,2236.184,2018,11,21,2,4,0,2988.2740000000003,834.6579999999999,4537.201,4487.5981142857145,3868.7827000000007
2018-11-22,35.712,2018,11,22,3,4,0,2236.184,559.2,15158.877,4687.816114285715,3792.082133333334
2018-11-23,1153.109,2018,11,23,4,4,0,35.712,4755.234,3352.3940000000002,4613.032114285715,3287.976633333333
2018-11-24,4736.061,2018,11,24,5,4,1,1153.109,13408.7928,529.0849999999999,4098.442828571429,3214.6671333333334
2018-11-25,3666.157,2018,11,25,6,4,1,4736.061,1469.756,999.8679999999999,2859.4811428571434,3354.8996666666667
2018-11-26,5048.1720000000005,2018,11,26,0,4,0,3666.157,7397.272,1086.32,3173.252714285715,3443.775966666667
2018-11-27,1618.254,2018,11,27,1,4,0,5048.1720000000005,2988.2740000000003,408.726,2837.667000000001,3575.8376999999996
2018-11-28,6912.944,2018,11,28,2,4,0,1618.254,2236.184,46.96,2641.949857142858,3616.1553
2018-11-29,491.888,2018,11,29,3,4,0,6912.944,35.712,4025.73,3310.058428571429,3845.0214333333333
2018-11-30,6645.282,2018,11,30,4,4,0,491.888,1153.109,523.928,3375.2264285714296,3727.2267
2018-12-01,5331.178,2018,12,1,5,4,1,6645.282,4736.061,2921.43,4159.822571428572,3931.2718333333332
2018-12-02,9951.182,2018,12,2,6,4,1,5331.178,3666.157,6294.386,4244.839285714287,4011.596766666667
2018-12-03,1403.842,2018,12,3,0,4,0,9951.182,5048.1720000000005,4536.937,5142.700000000002,4133.489966666666
2018-12-04,2639.638,2018,12,4,1,4,0,1403.842,1618.254,10668.096,4622.08142857143,4029.0534666666667
2018-12-05,1453.136,2018,12,5,2,4,0,2639.638,6912.944,2355.064,4767.993428571429,3761.4382
2018-12-06,10.68,2018,12,6,3,4,0,1453.136,491.888,4288.75,3988.0208571428584,3731.3739333333338
2018-12-07,2916.5139999999997,2018,12,7,4,4,0,10.68,6645.282,2413.378,3919.2768571428574,3588.7716
2018-12-08,7643.041,2018,12,8,5,4,1,2916.5139999999997,5331.178,384.1,3386.595714285715,3605.5428
2018-12-09,5470.39,2018,12,9,6,4,1,7643.041,9951.182,4751.492,3716.8618571428574,3847.5075
2018-12-10,3873.5589999999997,2018,12,10,0,4,0,5470.39,1403.842,4007.5480000000002,3076.7487142857144,3871.470766666667
2018-12-11,2025.035,2018,12,11,1,4,0,3873.5589999999997,2639.638,1815.2179999999998,3429.565428571429,3867.0044666666668
2018-12-13,580.936,2018,12,13,3,4,0,2025.035,1453.136,2911.386,3341.7650000000003,3873.9983666666667
2018-12-14,3897.714,2018,12,14,4,4,0,580.936,10.68,6633.4202000000005,3217.165000000001,3796.3167000000003
2018-12-15,306.888,2018,12,15,5,4,1,3897.714,2916.5139999999997,834.6579999999999,3772.455571428572,3705.1264933333337
2018-12-16,858.702,2018,12,16,6,4,1,306.888,7643.041,559.2,3399.6518571428574,3687.5341600000006
2018-12-17,2027.758,2018,12,17,0,4,0,858.702,5470.39,4755.234,2430.460571428572,3697.51756
2018-12-18,3645.911,2018,12,18,1,4,0,2027.758,3873.5589999999997,13408.7928,1938.6560000000006,3606.601693333333
2018-12-19,1895.926,2018,12,19,2,4,0,3645.911,2025.035,1469.756,1906.1348571428575,3281.1723
2018-12-20,377.736,2018,12,20,3,4,0,1895.926,580.936,7397.272,1887.6907142857149,3295.3779666666665
2018-12-21,2140.94,2018,12,21,4,4,0,377.736,3897.714,2988.2740000000003,1858.6621428571432,3061.393433333333
2018-12-22,7442.021,2018,12,22,5,4,1,2140.94,306.888,2236.184,1607.694428571429,3033.1489666666666
2018-12-23,1926.776,2018,12,23,6,4,1,7442.021,858.702,35.712,2626.9991428571434,3206.6768666666667
2018-12-24,6233.054,2018,12,24,0,4,0,1926.776,2027.758,1153.109,2779.5811428571433,3269.7123333333334
2018-12-25,2698.927,2018,12,25,1,4,0,6233.054,3645.911,4736.061,3380.337714285715,3439.0438333333336
2018-12-26,814.5939999999999,2018,12,26,2,4,0,2698.927,1895.926,3666.157,3245.0542857142864,3371.139366666667
2018-12-27,177.636,2018,12,27,3,4,0,814.5939999999999,377.736,5048.1720000000005,3090.5782857142867,3276.087266666667
2018-12-28,1657.3508000000002,2018,12,28,4,4,0,177.636,2140.94,1618.254,3061.992571428572,3113.736066666667
2018-12-29,2915.5339999999997,2018,12,29,5,4,1,1657.3508000000002,7442.021,6912.944,2992.9084000000003,3115.0392933333337
2018-12-30,713.79,2018,12,30,6,4,1,2915.5339999999997,1926.776,491.888,2346.2674000000006,2981.7922933333334
